PK_TEMPO;DIA;MES;ANO
bb30e8d735c87bc0c571412a4a2f99de5e72c48744bea73d813100a3694747d9;18;10;2018
3c10562f824a4b04555b2d8065cad29bf6397ef621c81e9512890a1a968a8fe5;21;04;2017
9a6a0f4c90f1a4ea524a946caf0458f8fac101eb261c0f6ba65bf5a3a7e26f99;19;08;2018
28d85cbabc241f48fe2c517d0ac464ab3bde1d1be6fdc5cb59fb846da7f01b12;23;09;2018
0ec25fb1ca8ff3354e0e11fea83386b41acd12a0e4e42153d4d507f4d3b4431f;21;03;2017
43b04b0cc5664a74b06dfcd3e42d049c1b6ecf86c6e058f0a68e484fd2f85ae3;07;04;2018
fe4fd2fc9d46b7fe0abc4d720d77c1d93f37e3d6c8270f71d0edf4487477cdbc;01;05;2017
677c38781b489d125cb4fe26bbd1b363c1ead6950e8499e25be89ebce22e65df;28;09;2018
cc75a167a20ce129d45bc4c9788ec9c840ac67b3b412dfc24dab4634987fa9aa;26;02;2018
f9d751612171b27c53aa338350c5b80afca0413493e8ef6a0b06655f2d9e88f7;21;01;2018
c6f00294b9c38359c394d878121091df3777f7bd56ee633e368ce87a5737a781;30;08;2017
b57bf38f61231315f22fcc7a2722d34376477c3ae512e7402909388ee7336820;01;01;2019
2dd42a163e37295c62528b08fc8d132a7c7daee30e3f7dfdb2436fa817c825e8;12;04;2017
9c527e0c13ffc79d0f2b21f530bc40665234ecc40c4427b1612b90f61a00e3cf;15;01;2018
258dd8565c1889b91fcead6ace6c5d72c329cde2f42f4bd6bd489b6712876fd2;14;06;2018
e8a9056131191ca00271e9e57f640748dea4688bfadc96f883f20f3c254a52d0;17;03;2019
377294c25460402e38d3b263df5db2522bd3af933e95360903f646f04e5b56b4;15;10;2018
2be2e1513bae7c3ee7991bdb86bc3524613b8700d3b7a2946d7c57d7e648a9b1;30;05;2017
3081be912a0729a574a3b976b595026da4a80a34111af3e9ce81b9314bcab501;07;11;2017
1127b0bba4343b6913f4d72313a3d74f05083a9bf5dd3e4e2ce16bc3fd6e7f80;17;03;2017
712e6e6fbdf94e643fcd1972563359bea9a1b3f27acf10123574a75503816198;05;09;2017
a346905fdce616d0e0107c4635ba6708817a0e9f22c0d7e7bc385f9711680ea6;25;11;2018
f854f2dc57b1ff51214ede5fb71c8128929fa1f3c78fe54dbbda3da451d634e8;23;03;2017
14520ec32da4f0a95ac1003c4a30add842886683cc37ae3911df3b9341054faa;13;01;2019
a52734fdb210d5632be85150e28a74b32ea4e89eb6b96f4b7f6552bcbd0ae2d2;23;06;2017
11ceccca9de8776cf09c887b44fca21edcfee16f32bc9d7fc7e44d62e33e927b;17;06;2017
720fab7d4126c148ea121a56a1f9430e8b958a7933cedb2f4523285ba0ed5e46;08;12;2017
5c861fb7681961b4e3538cef9a0af287ece71ccfcbd372a853887ce69efb7637;09;10;2017
5e39fb339b25696ef38e6e63cc4600226fbc186a8decbf3de732bb2e7129567f;13;11;2017
7bed335d83b078bb41f1d271717d9a61233d72ad8f9bfc3cf55befee8bb6302c;24;08;2018
d08a036f19a3248edb6864092de9a2a9bb4a31b2255c697cbbe6bf9f3fdd3a99;29;01;2017
6f765c5f4879d408fa03523952582dbe5cdfcd2e160e7f9b10deb05a27f5c9be;18;09;2017
fcf1f44892b770fa032efe06697c3ae1231b69d41276ed3fe898e6d5023afd4f;23;11;2018
ca2389fd3ff2027eee6f92ce4796ccdf236153c7e2ae764c515e505ccdbadea8;25;05;2017
c8ca0589cec964c4838083514c3318ff4274bea0fdd29d311b04d725be329cd0;19;11;2018
e23c3993cc4d5d4323fbe63d50770d10e5c1c61f0cba9a26e9b8611107cfac60;12;07;2017
09196dcaea153897532f6afa5cf2999b5ed49d572efbf0eec7fa4eb273c58294;04;02;2018
e4bdd1d90c774c19b71a717b3b5e43493cc2a21c8f94bae7a7ea519e2c667ba4;16;08;2018
09f6b27ed57b5ea01b8e0a99d64992aa6ee6ac1ba8a83b55334122814e4867b4;25;06;2018
e76b490f1d0b68082a95ad21c0f2584ab7d215f93175c737812b945cc3fe69a5;26;06;2017
0878985c89f1a8320a9f787b507123a1d414ef3680f0c805e8720c9a25dcbbda;21;08;2017
06b0b62952d9f8142ea49f01b2d251d116c772b74fc542f6138ae93453701aa0;03;05;2018
e0c7ad231ccf337f2c89ba7a9cbe49a86d0acb0236d05c84e0275d871a550afc;30;12;2018
1dfea6acff1037ba0b3ef0e1152e78b28706f51d342d733ac9ca5a140b569ba6;13;12;2017
acf871a1ef84847ef91c6bd233e036e8b251e34d78b012c2e7f217d1d91454c3;04;05;2017
446388ccebe5359ccb21ce7b349c15a616fe1a985b2d2858f3b6f0ba4bfbaef8;10;05;2018
93f1d813ebc672c2ba2a7ab36c3746070d5256e5d653a6501244e12002ed34f1;23;04;2018
51f1405960b393fccc5a180e76c8bba04642318b63caf2cc001a519abd2e3528;07;03;2019
847910814c8ea98896769eb51b417c4ac5b490689b08dde93714d7000f35f4ca;15;07;2018
98fcca6b87ff89fc7244df3ddca585f868f7165121b9cc491dc558f471736613;23;08;2018
21164dd6bc5d437bc4c350a798641bfe5b537b7f0e13fa9394dacbff090bed5b;16;11;2017
0ff54870fcf15503b8225b7c1063e551cc471a279ac94b1a8390afb32fd26986;22;03;2017
b8ecf500a7dbfa2fc6f1b9a5527feb857b56c3d64d3618881768380c46b3b6f4;22;06;2018
5be6e52a66408b6080546967148c628943a246aaa2946f1119ae74eef70915c4;12;05;2017
598c2d2eb68b1cd1b0e1a6877ba12223b25301e6337ca93fba8adfefa5383a6d;26;07;2017
fa7ecd103147cfea939b9844cb3ae981d258599faa6735ce00eabf8ba69cf5d3;17;08;2018
90877fe04b787aff80d258202969465311bea3b4c57c6cd2a4a5e1b844a0f207;22;08;2017
54a00c49b6115e8ee7479bc1574463ba7497839853e6d24c24b2be2c27178bc8;27;10;2017
c82e761cfb415b6c8372aa15a3765174fd5bfd3a57bddb6b40fde5334fa56991;15;11;2017
5d108b990829eca4657f708a8f93e71708d942f501de6047973c7de932a30900;16;10;2017
e8bf8d7795a509aa08c1e3aeb90344374976cbef87032bbce308d9f5827b4210;10;10;2017
628b9e3d1ffb4291b951546b3339a91f9c0590399ea44fdd5c7b5af6890de7a9;08;02;2019
d1fed1f8e974525849064ddee466f5f8fa3f08fbf4ccc7232ccad698d5396e76;18;05;2018
d5d99bc7c13b630453471cc67e6868e1e43ab3947434b00f41d3a3738fac8266;22;09;2018
42781536d30870258464247fd580449fae03076121e7502a0372331562f98ae1;22;01;2019
984cb1e4735519c12f4f657a857479c83d71295cc2508dc81dd7b85fad55f5e8;05;08;2018
240f05a7be7d7b38ecb79f8f73b1fddf167ad72330c4cdf502e276220bde4cf2;28;12;2017
375a22d559430b79558dbce77ca52b83bf7db16646cd0c9b0c517aef7e8a3af3;26;10;2017
035e9d6ab1a7632c59948c75bad0ffd8cf021a84ebe306befbd74b9fa3eb0109;31;08;2018
20df08206c13652b657851b109acf9736d3a05e7f7dca9de001b23766b53e119;10;07;2017
6335ebe4710e74b72d5de54877d787efe12369d0bbbe77ae8d7ee9cded6673ef;06;06;2017
938153bb1c89bfba4c6ad630fb06163e9e3a321e27e4cc09e3dca59e73c78f88;27;04;2018
166db6b4ca577fdac831f47a012ce2d0db5e57b6db19242b564d45d68ad8769e;28;03;2017
ce283bb63b51f87d0923e241804c3ff25e7d37415211798958ec485d75734d5a;14;01;2018
2e8cbf37660ece64f47c8a47eb3dcb48fcb7604529610f77a6fa8eb205b2dd2b;19;03;2018
1adf0c2d0be210e93ac899d1c19ae2ea0ffd2efe7e9cc06ef58420f501499b84;28;01;2019
3b1a22a45baea6e7b256c242e2a672aee699fae8e16a9358fba56f5f7a8c47ba;26;02;2019
412ed45efc4a2e2f340576f0dd7265a09d0e17b299d381d7d4cc89a7014824fb;01;12;2018
9d91d26f3a20f841b111f8ad8ebf1684d180110367a2e975264350297d6c45af;12;09;2017
0a46876d747e10d4d27134086ace8ffaa0c36f49c741ad21c275fc5222da8d81;28;08;2017
0f75fc4810badfbe02f274e2de3e5711ae07ae924bc88f5619de40026dcfd9a8;14;05;2018
d5e4c2056ce06ee7e08d5652e233e09296e09b856a126e5b87af8f33af547b5a;09;04;2018
62f9107773728272042e2a427e18cb71a04a4c19c75c83c55bdbc31d29691a4c;23;01;2017
f3db8f34c2828ae4fca35483526288a2e3048b7fc2bdcf64e3cb0c515ec1a18a;26;10;2018
f87d432ee19543d0b046aa55373eafa33ab00134512178e99e6cd0cc191e4997;19;01;2018
7afbcae44e70ac089edab121ba80afd3d849cad670f094c155b92b9fd4f975e0;22;11;2018
77370c5533b812d1660ba9f5b6b08c8be9215369b45653ac888dd8435c5dad64;31;03;2017
4c97166c6f428fc3e32e5adde9ed00a2b65dfd9b06a99319667eec6134525d4b;15;02;2017
46b04dca0762abf397460c4d048a1b8b812124eec38299c89d421a83764cbf31;31;03;2018
3500214c6a60cb82f5414f3e7ed6dbf5464bb22f230d40d31685681e4b9eb15b;23;05;2017
65947695c512b6c7d4432e0c68198bb34ff98a7502c416a8d35ed71d81541732;18;11;2018
b20b89d6ea9b51d6926ede9804417bd8f52063b37e69aa7b94b636a70cfbc829;15;04;2018
5e291364a4f264cafb68cf0c7c1ca5633911d30377db8cf1988d3bbdeab054f9;25;02;2019
f5515725799b8bd0a5f19f8a3256f45c25825ed3ddd9d0002ef0e44ea379f5bb;29;08;2017
aef413d0dfbcbbd3847b65a12e03287fee12ff9367aacbab0b20e102d8e45c6d;03;02;2019
1184fb8984a19d5bc3d03f9a84ca7e2fa809709c559695d92534e233e6b96c92;10;11;2017
4c36b1d38a3f5438ee2eaff56145d4c279ded388a929fed16aeb5b9749317a1c;02;11;2018
20095cf8c7020715d06afe70372451747035f63d61afe8b38a1c2857b53910b8;08;03;2017
4843effeb3e2b2a10c3d34d143575607071e65f1586f4b566265ebca404e67b3;22;09;2017
7bf43221d3ad26467c41173e05b65f23469c31d890d4f06320b611c320665761;16;04;2018
f76de70eadd23b88d5f7dd5cf277e9ffd2a8864e3fdcf43c4a30f2469567a12a;18;03;2018
1a760e0bba7348dd4aecd67fb24e2b047a9334d8a9c9aaaa547a15b837d3bb06;07;01;2019
e4ef48b3844e0368fe4eec6173151cd71b1edcc56aa7a642e11b0f3702a104db;30;01;2018
5d14a5cc1a380f42bf54eff676d1f76bdd05d77f683ed28aa68d96c20fa1d90c;04;09;2017
b79e6f973ca14df5359cecd23e503f94556a44162d1cb8a8f99dd10603b16df2;26;07;2018
692ac7467b495611336fc48f062652995a8ccd86828ba5fe04f28dd2f04f4976;02;09;2018
54da0dfd74d07c241e6aa3a9da729dfce0b7b360cbabb584ce1e040ce7187683;14;04;2018
96842a34bff62ab6abeb07efe5a40e5ac4b75e911e061c87f4d5907c162c949a;01;10;2018
8e94165532423e6550304b0599479a276b2f75273722f322791ab3c84f9f60fd;31;10;2017
84da159e0e9b9587b840590a590e9472f4c6f8a1ff08498685c7f0c21c9c8c56;14;09;2018
7669da678530955ade1bc87ae3324479b89c5a33f991423e6a8cd07942d7f5b0;30;03;2017
a690138502aee1f6ab491f8ab5cfb646afe47b81298ee706e9ac628069b2344c;22;07;2018
4934ff7676c61ce09fc7d235245919026e6e461b649c6b00e356b89588f1b5ae;16;01;2018
3f05dd14b44d585466d06b460cd0e9ad2da05ed117c05f857af9ddcb301b94aa;08;10;2018
8cfb0dd88f5aa5dd6c2617a3927b2302df3e076bd259ea8964a6a820f5915eba;21;04;2018
17ff0c97961b6bf27c9914b8ad6705e2bcf6ce1c566f9de32fe65a42632028d2;22;11;2017
2f70fbc5229d39c9e228407a6b43c93aef9f73d8c771de01ca62cd16c4347126;21;09;2017
3da475228d8c6bb3f11cec0409999fd03d6cd4ac01f2215c226270d8b4592fa7;25;08;2017
f2086bc3d2f7c83cea6587df2379a03d0a68d3b3165034521d2d0f8f9c96f69c;29;09;2018
1a99b8019ae78c5380043e191edb95438b50ca491303facf99feaef1d9f61c2c;20;12;2017
ff3a999a2c36654888c03cea9e7db36850ece1b32208b4ad85b9b03475897add;28;12;2018
b30f25b13426447828449d9828a5a12085357fc71735293d0f17966767c336ce;23;03;2018
58d3e2cee7298065a55060dfb9f2e848a1533d349a15036af6c7d4c7f480beef;23;10;2017
f14c052a414c7431cd3486d806db8d6f92913b36874dbe07cb1e518157cb46bd;01;12;2017
7250aad2b3f7be78cc794020a43981f5579b2280a2ce4df6916783a80a2c4329;30;12;2017
8f09f2783f28ac7ec97b6cbbc1fdbabd8c3cbc76f0913e092a7213bfbd59b46f;11;07;2017
661453d383d953389d16a579dbc37401b1aa9d93307ac0696aac28e5c5edab7f;03;06;2018
e9c47d120b3d11970e7ec8f080d64ee31869ca0a46867d30913a8bc1385f6279;11;04;2017
74930dad4c12e0690eae3ee54903baaeef5a01bceee0f8dd1dfde461345bc284;17;09;2018
9512bf296630de4d2cc57bfd35707a8abaec9afd9a88dfd34a5c8353ec350cd3;20;01;2019
8a4c8cf5a60de7b2a9139800a91a45de18b21012f61fff98effc21f4de210382;23;07;2018
dcbf139664dbb974ca169661c1a405135070e71fdefb36a5b2dca60d13a52d1b;09;02;2019
4e17fb768741eaa3edab21ce9605bf009aeab83a30825a7eeb75bcf9d36abdb7;29;09;2017
86ee19ba615b42be0be397d939df8b6debb1f58509020ef4be1eabb36eab0e6c;07;08;2017
f6557ebfadd1dfb7d04ad55909e8310cf10617c32642d5d9ebb35affa12d5bf6;08;06;2017
f21ea4b0403404b33a5b8c8b862d515368ba35db155339cd361c4b762aebb917;05;04;2017
6d5a5605fa84349b5f6c9df9ff86bb6dfbb05dbdd0cb91515168de461dbc76f8;04;08;2018
a232823f2568782198fd2fbf6dd38391b7b5cef3af34d51d3faa1016ff73f76b;29;12;2018
82fcc07f4b3d723f63f473c60fb8bfb94c3207607d50e64b6a3bd12ac86b6994;22;06;2017
190ad590864930e40281700bb88ce2e0fdd8f49c99afc3cd55bfb1b5224ab15c;21;01;2019
2518a4068f9dc3a8adf8ea5c4e1fa48c7d127effaa525d59585d502eca98d00a;25;10;2017
07a5ba503213678b73e36000fec5ea0ce75219a9f4e2869da94dc318248f5d53;15;05;2017
43467632aeba4898831134fd1bde34aff198ceea39f4e66962e18bbfbc90f356;18;05;2017
6fddacdeb6b3ea562a7f14a5bb0b9ed02d4bdf4e0869e54691eeee483a352890;11;05;2018
f588ebf6c253402a02bafd2783348611cc88219139b150526fd58cfa8273d23c;02;03;2018
9400579534efc16ed975464560e47805c1a6ef9dfba1de4ea81cab372fbfeffd;20;06;2017
a7e91ef5f139a87a2c6ba5a8c5399326ad69ee9fad6c4d912489409c9f996287;05;12;2017
40f364c8755e80d03e00718cad3a06611d1bec8eacb73765a3a0bbf173c34f77;26;08;2018
a3674e3a559c5d43de62b72de43e920f320b5b5851bcdd66c55f0becc8524d52;12;12;2017
13257b33d11c5ed0fe0a565cd05de72edd42dfbb9fa9884106fba9e0e520a09f;01;07;2017
997c5199b0eaf8415fe83f372bb4de9c8f68cd1096668677add74f656af04c31;03;03;2019
cc9333a8129a45c733340e47b3e3c5ffd45392517287ed99b685bf320930a489;10;03;2019
aabc8868c1463c73f12c5fa9229145aa9abbe329c9fd7b20545edab53f976568;03;03;2017
82ee15d77b72bf3e5c49b6a54f3e82d8fea364f8db3a02a6fd0005bf9e136c54;28;05;2018
fad8b1037575a0f0054f335759b37d207e260630f33f9640ecaf5dc6139d8bfd;04;12;2017
9f623fecd64b116d8da72b0ffae194fee364e23a85b9ba5ad61db412101ca402;15;12;2017
38ce536f2659bc5786d2222da8e5dba5e9776df4727f2b0eada741823219b6a4;01;02;2019
6e515f62e686e3b67790f4a5790560b4b7447dd90f3004d0ca9a9dc50878ef0b;30;01;2017
7464261b2c2179fed11086781ddacd16fa7b2887080a29a6df6b9667998fc346;26;11;2018
a739844a5f51cd54fd455fd1ef390eca99a1adf7647fc44193f501d750772e4b;21;06;2018
9e49162a6d252c1cdd2064bc11019743845d0566a2d66d7c3bb175842c72ec85;06;04;2018
b9433c771da3f3e2224af00ab23c8e9a5a3e4219858b4d93acf5d8c770824d4b;17;11;2017
3c644e515708dbe1d5fd9a1a54607b1761e1ca74107551a4d35232de3274a197;21;10;2018
d7785e408c1e5977a47667fd80a393a80a769fab7590b162e660e426146b09bb;08;01;2019
f2eb87a169c3a848dae4ddda64ab7e5604276e16759843b86ce42112531c49c4;16;03;2017
e53ad0d38dd16d6715e01d5c5ec4d76b92f4145cc969023da64872a8cc60484c;19;02;2017
7d74296665414fca53da7d7f190f58c61c944dc287794c0ef4292ce4382a9d61;12;10;2018
d304d6eaa7a5ae18560ac0d1235962c7dc1980e12f998c5723d58b441dd02af0;15;12;2018
e3d025daf495fe9288b7c6d8438672953c86b54f661ab6d6cc3c788139093841;27;08;2018
14253430b31bf1a4f49cbdd71f6ae5ae1fb7c78f458e9528ab3ae903ef4c1ad4;07;12;2017
0049e45349ed95813a51d9e83ba8dd29d3d398abc2d1dc0b21c9ac50f78a2b5a;25;01;2019
430d8276051405c7d2fa3f4e8a361a6d8937f4e6c61c5ebeee1664b755891334;02;03;2017
82bee1754155e9eb81fc892fe695c4db0f2742d73f9f000e4509c95f82845a0b;12;02;2018
47dc9237d06cdf0215af94affdfdb12923ac8ca7c14fb295fe925a45f4ba3771;16;03;2018
6903289ad8a6163aed6c78dcbb17fd18f3011692f13fedbaa8b61bf5f99a97a5;06;07;2017
2a3fb813658018134adfe63665ad2313d773238c5647bb803e24b71dd6e27310;19;05;2017
9ca4ff25fb0682a9ceb0ab4bedfe8f0babfce376ebf614b2a1ca7f8989ae4e5f;05;03;2018
ea945eb36e5f73ba0d93a6712bef6b8236defe53429e99a5fdf4acd95494872a;26;05;2017
48b46fdd2fba51f37c604e0bf0c4d548e9cc247ccd460d698a54ec256f6a09fd;06;11;2017
a19d81a6968fb35d2b16f1ef77c8711d54e517b2c9ac2c981601c47bb5729584;15;02;2019
c6aad5bdac53dd860a1e87068f6dacc6f8dfc589f7bbc57a5815b51b14974092;09;07;2018
40198f6edf7c3c5ebe035b9c961a08379c191b8fb36e141426f03b4d9abbf8a3;23;02;2019
70dc6f844dff4ca32e4fd9b8d3fe95cd27ac4462a4048ad71afc5b515b7e3145;07;12;2018
b585bc5de68a39a9bc6383494cd393b97d216d7927bfb54b3a5575fe036e6665;12;10;2017
fc92d4de041d6047bfc99f2af13e7556d319fc687f5ebaff923ebd8b7247a609;04;10;2018
268211a398c3633bef28e801947f69bb647cf9e58b60954486ec556ea315d55f;13;09;2017
11de13f5f097d07c0da248f72d33f36fc9001edaf2cd282094d37f7e97b25622;04;03;2018
6b86a9c523c5adc14b6e1a10c8537279d8b6b8028a7778427a186b2f26811bc2;27;07;2018
2abd33be7787974ef40d75e1b4417013dabfb5105513363d5a02cdd2a147ee4a;15;06;2018
6a60e4d3f05373418d4b7d95d933120a74764043974b387fd63ec08359f0f6a9;16;02;2018
b6e55c6f5bb1ced1337d2541f7c95a74eabb8b3c650ee3970df270653a1d810c;30;04;2018
692b989a7ac020e43436c7618f7939ab19e42eebe3da6cbc828f789bead5fab5;05;10;2018
fc274d703d117e198c5d70b3721dc7550ba4195106392cb72d213cb93304b4a1;09;03;2019
3a31622630070c825e074967b96642c1cdb04343ee2c5f3cf9efe0f48f0e2a25;26;06;2018
ea3221b322ff2aa651aff03825d84c758b0738805fccb3369054b0691013587e;08;05;2017
88294bf2b4f94e461614361505703daf314c40ce52f16e90671acba9c0370363;16;09;2018
a9215ee660a0736098ad81b89227c81333c53cefad8bf740594bc62f1ce24f8d;06;05;2018
752c8e5dba6f7b81faff4555919c7a7f4c6dcdb8c6e43f5caf2d58b76e3fb8d8;26;01;2017
13bcf52c880232401ed6c64b0f7c04cc08e2233fa5742732aa02eaabd84a1c66;24;12;2018
d3a38972df7780abcb7dbe0a46c7f0eed7ec2180d2b2af32c1a711a7a419be42;15;09;2018
09bfc42ff9a3a67cad2cc36c84333b9e052bb04470b3053617a170c1506ffdd2;20;07;2017
9fee0c03d269a31ad79310348fcf9c1ad5bb2faafece99d0f3bf8dc26c4ab81c;05;06;2018
a688a1283bbf31fd45052d6017ecd119fe0e241ddf1ce7f919787400e40bde0d;03;11;2018
328a2b031d1286ea36d45d1c57776a05fb44484fe3ee07ec2d689282681fe280;27;02;2017
8cd306fb044d0de9c4ea0e76f2dff0ff62cef582ea0fa858599216bdc2b9f86c;04;01;2019
4011bc42c7066fcc43cfe6a83f2ed8ffe25058604501512e273fc76d23b9e88c;09;06;2018
d24f91d7adcffd2cf6765ec4372539d6365a121896626e6443283e26f9e767d1;15;09;2017
585c918ec1ebe90ad9fc764b25ffb9c555a96df86f66b9511bb6372f5558973c;17;12;2018
0c22f429fcb79f655973b157a3615ada20897d08bde0e19de8e682eda0a5c762;11;02;2018
7b0aab8780fceaa6710753684fef9fdb6a2a860228fdbaefa9f5acb37bb21ff9;26;05;2018
e30585edab56a235c17ef0243b42375342e69ba3b37c4e507a53f78177c9bbda;13;06;2017
f8031d4426bedca0965b525d7fd2f885f3e31e46054254dafbdfa382545ada16;28;04;2017
d5570c990f4735bb8aa66c34c35fd6d39be91b129e82b2bccea325dfc10df625;21;12;2018
e12d260580490588427b1953ece842b27a9480276c66635101c41aae8d1cf683;27;10;2018
6514d85cd4bbcf38be5c3ef82dc634228f78b84ac8ae08d17a75c1672b7aa21d;13;10;2017
9bdd3261702bed4655cb3ec48733e709bd25aa600f1f973f77300b8e96903b8f;21;06;2017
de54dbb044a2d735f4f33a7bdd9ba71314ef1201fee8d7c3494f570816a8be80;13;04;2018
c10f171e74cb2aba8b02bf183d7ec615677976308681547b205daa1302d8c781;01;03;2019
21c770260313134ad66de33de18f2b65902f5551211b12abc62746ac8e981499;24;09;2018
6dff9b4298d078ca274bf4a46a494592607e424884e0bef82907a8c4ddca7f0b;22;12;2017
3e4e78a92e5bdf3963a0c10a8fd4c4bd44a0966fa6335f706a99ff6483aebb5d;28;01;2018
c0a80aae57d21b6eaddd8bcb725d2af293bfc73c47ae23a8d08b6be371c29078;02;10;2017
d8611a9780571203b38d21bf45cca804148e5a61bceaeed1782b3c3dda50aa63;06;10;2017
a8589ffd5048cb8b420cd9c498c2fe5089ac145c87b253708c2fc68b5d4a675a;13;05;2018
c8424bf10ed07d5661320b9698cd47c4415ad0622e4c71250b29df916b5154fb;12;02;2019
04c8dbb9db8b418059ec02e6ad39d949978355c8af8bf83fce2d643b64c6025c;27;11;2017
efba1340f5c0110313fc04c5bc2924ad093eee27bfac47924dea5b554f8f4463;17;03;2018
8a07c7b54a5c2398ed6c1b2837fdd2021266bd234058e86fe8fc81907e05ed7b;28;06;2018
bddf8e34e943d5110a5219de1086b51d4ebb4a5273b67627f0bb70e5c2ac737e;20;01;2018
55de0833b5ce8a90d4e253cfd47f20e871a3a27a69f8e10b03966ff602c171d2;19;01;2019
937c027093b1982befa47ca17514b958ce9ba2df72e419cf5485893b2e17e905;25;09;2017
b59448ab730f1fd20a1f0a687f5c1b3f23984f1b9ca9b7d19f81daa68e35c798;19;01;2017
1a30a1fc83196b27a7209a358d5e3dcd61aaf2629820ae797e3c127789394c2c;04;01;2018
9749f23e9e75ed2a41b2917fa575f6f4d9b0ade66efa539f94f107151d7977af;16;02;2019
acbe63b94633560515c7db4ed8ba2347adce6f0e749aa4c405b0e5630cf6087c;13;12;2018
fe920b7983560c5770ee67a68cd3c137777d008b611f69124d7dda8494949f50;19;12;2017
d80254cb796124e72b8049b0cfebd64b23f5d09047efc106d9cbf4fac9811648;21;12;2017
3f6b50b29d6d03369a909f242c6a3dea5a8ff83eceb5c838732dab5d6e472c96;03;07;2017
ad9093e83805167cbdf35f9c40aa4aec26dd2cea72566f1fc4b05340b5a8a8b7;09;01;2018
bd941d4c3c87de94423bceba54f6b02f7f8aa6e3c5d58c709083c7d89cb335e4;15;03;2017
ee1ac0718493b9c2c919292f4056c2204aba0eb4187b9c08400f45a5ceccd544;06;12;2017
53974b6df6a5f3cb8eb28bd8148ea197098a244e0676eb1353bd2685c85a9f79;08;09;2018
abd28a51060ea7d2711fdb2de01145ec5be728a585e988a3c7e813c8bcab9166;31;07;2017
0a433687d8bb32892caf311c1c10bf86f533414db568cd5e674b25e82ccf63fe;11;08;2018
788534e55205b4ecab95c2e73479ef69c068692f2156fc5f5b744e359a8f9bb7;10;08;2017
1e59e2c021a7ac99658e10662887b64caff783646ef3ce97203fdfbc6b2ec694;09;02;2018
e64a0f5ef1733b55517a092fdc3a8cde71572a3acb3bcb709cbe122b068ddcdf;27;06;2017
b4ee2442b49b8bcfbd7105122d1fe6a837e89fffe3f6cece9005692e6d76467e;20;04;2018
fa892a98f58062cce8fc42dd70f82c40dae38d8470b6dbdb7b6fd2ccfd70ffc5;18;02;2019
5eecb9ab458fbd1fab5936618968762f523e41c182d89a16ced0de7099991306;05;07;2017
f58c709b4ce5774903d803ada4a75787998ec25e60a367055c7876ad9ee9391a;02;02;2017
afa52d71d1ab99000bb6fd5760c5628d5651918c8c60fcef5b40e7d56c83a0d2;09;11;2018
b7f2ba2dda4d918509c200e11bacaf4785ecdba9ff3bfb0a470173fe1fe7d14d;23;08;2017
65b705b8d4ed6ab47af1d69253bcd56028714fa2421bd7dc6357524264d9a393;14;12;2018
632b9f227ac4bce7ef5f159c5bfd66a59bfbe07a578813efcf4bb5f8a3ed5553;21;07;2017
4abb9133046b6c6fd7f3e21bc912300c6af9fae43780652964c393c79710f13d;31;08;2017
6c111ea899cf63694ca31a76c13e0e42c12e747394c7c82f97d2fcfcdc428fbf;29;07;2018
d03771c57d889b94f3f0a1657a39d7cb5fa2bc2ef9d818e9c045c6e9fc64cf6b;23;02;2017
6eab8675f8d3f588b5276ec59f179793eb9580332f2146d1288cf2127bac8e53;17;07;2017
551bfcb8b6c5058a0a79797f7c57729386167fce1da37ef5a379b0c08ef7ef7b;25;01;2017
7713f8bbbf38b61cb8ce90a844962b06e8e92f580a3af79ac802f0bbe7e3cf23;25;03;2018
5f0ad4634bbfec4365b5aaaad4e59a0e63844918d8b9597dfb752688756fd55f;10;03;2018
e8a29ba269e8fad639915d2009ca9343c1e7d67bca8b179812cfaa01488402c1;17;02;2018
7c37e1f0ce9b194c65c2f5dc250e546afdbd3d25015bda44373bd51621fde03b;21;09;2018
ccf1843704af0d5cec4a9321c38762f82de46101fd81d9f3ebca945a472bb3ee;15;06;2017
c8f2f8514f1dc62036cc44e022cd01b3c34c93cc1f7e0147d4dbbdfbc2a3a5bf;05;05;2018
e5bf15a59bdb4bca4115b41050845bdde78fb1c144e719e02e9f028cd157912b;17;05;2018
e62f890e1190d94a0b5c835a019f205f03ab556f7a13f8f32dbc2b502fae121c;03;08;2017
396c047a4cc23d6d7a1f44c7055046ee0ad38369f45bdb0d2f415aa9a7ac0787;10;02;2019
ff1090b14e1df4bd07283f21b5714abf1506b925253b6e68e8547cd377fc4961;29;01;2018
572a173f2833ca134e7f20cd2ab81b329006a9b5e6ed12a1bf634e8679bb3547;17;11;2018
6030cbcc8e2f08044052319ef33ab7aeaba99787ec5aa3d3301844290a4fb8db;07;01;2018
5ad99e1a55e6d98c0b7aee0e31e4936cb61e7d04707b5b76d227e2bace0217a8;20;04;2017
0d859c2f4890c125a18c7e83e32e95fb17d045b95c6b8fa0beac3cdada384159;04;11;2018
76f23540200a1e409f90607b93aa5cff8f68eb739bfe2c204878f58e8c82635a;27;03;2017
ba7e699081bd81a37ba0df430c0a1a0507092fc129f30765a80e8c77e54900b3;03;12;2018
7eca4dca3d4f7436f9325dd008d2c8f6c1b72b1d2a6f7e7920b23fa6b883e6ab;06;08;2018
e0ae8c9af64035c1892a2cc19ade291d5c586f5e665a114665ba0e7399726dea;30;06;2018
0a1f62bb32908fbd114a0f7eca69b469dc08a8c04400462b17983481ffa5b297;29;01;2019
3ec69af86fd2e0b0d1d6143a5b7fa51cca09c8c3fce15cdb48d472b1346b6ee3;04;05;2018
4ab76ec6fc1c65f8bc9f2133e82c3f13365f2843fe5e945dc07b9d1f63fb6527;07;06;2017
48ebddb3fd25d4a464963c61c6de783ba9ead25f814ade244bcaf2015f130a1d;19;02;2019
a6159a84f648987e12364288dbb409292ab32a0cf476c2944f0dce310f3cf8ad;02;05;2017
aef16a80642e3b54d06e28e445893d8a7433157267f829531d819ebde1c410ee;06;09;2018
ae2dd17370f71386357f8045eb47e5650ce02e33918a917871a42c6f895f5e9d;05;02;2018
d424590cd28b82c08ee9ffe0f1d95f1522f27ad49575ec5988d223c4c33b913f;08;11;2017
44281d41e4601e9c03f53fa4a85268b16c03c8eb6899c82c9a0da5bb20429d5c;19;04;2018
0f37cda814c47aa5d20dd0d076684a7b063a8c47856a86c7437ad116543512eb;14;02;2017
2830d835ba580a9a7d7b0c4d532a77b8c7f50e2efec4d1dfd5ca21378802864a;18;04;2017
a4a790ac3084b45948742bedb7d2c036bb993d70dde52fdb16d282c03295e679;20;10;2018
5bee8dee6b3c1bcd23f2518991f4310cea596dbfb4fbd1572c9354e6040fd435;01;09;2018
8a8f2bac1c62be1d98a4e73ea8ee702a9807764fb313a62d7bd2b00877ea3aa0;20;02;2018
c8e167e292e90a998210d084dccd8f424889c63c209db5e2fe8c07ab66bb713e;03;04;2017
61ab1071db2301536e228753bc3a505de9a496fec5bf1692a9ce8401afc97a28;31;05;2017
50e3ae1827527514104da21aa124eea80168652d525839e279eb714345a8ba72;07;06;2018
adf42e97658407de4a9e9a61d6daf8fb9ef541d97bd77c345ea3b8a879d233ba;18;10;2017
2bb66c8464c90a2cf888c22b5838853896b48544ed70e0475b92c767ceb6801b;08;02;2017
ed46b67537d924d6277088bbcd583c41b85e847dd100fd29c1cee1513489ae60;31;05;2018
db7d54fd490e68ef736e33f3ff02882822cb381146c0222a85fe008e770fd2c5;20;07;2018
725e07b8b49eef5e35dbc2a2a4a90c810e9ac9a8076819b151ce241b0e039f6c;11;03;2018
2a3c6dc22da058b03e129a57cb956f7316de036cf7f18733a27c6267fbba70f1;19;04;2017
b91884ecbad90f12f297aaf37e940425f5f13e2be5f953135a0a5674009e3b50;12;01;2018
fada986d1e695a726cc7582d4a9ac29d83cbe49bd5dff2d2e303b683270b38a9;02;01;2018
a43f725aef017cf373a7759e1313dc2dcc37176e044bcdcbf73d1654f22fae10;11;12;2017
55352fd7c9fcf8cecc1db42f24c0dcdd1c86883fc2b60a5c9f82878f99099882;09;01;2017
2602219d6bcbb917a949a9f5f286cfbdce8095457049b3bf6881f5403cf443ab;28;06;2017
12d7da70aedb51fcf47b842fa08c6e77fee80d7c1240b88f78ffea6311b124d7;20;09;2018
1a1d4632edb4d9ab419a042432e67235ab9d8ba35c3e06bb0d0b5f6823116589;01;06;2017
dfb5f8322cacdedfc8c83c99e21b6024fbaf80ad3f4112ec4bd7a9ca45500c75;10;03;2017
fb08cb702d7f4105aa33bd0e1741805f00f60dd2e850ce4487ea1b8d802e7f00;18;07;2017
e46a7f3cb062234a4fc40d270abdfe38c24ab2fe7957cc3286b3059da001ba53;27;01;2019
2a2a60db25cbaa7168081d59d5e4f22ec4fd8903347f1b706157b0bf9de86ee8;16;03;2019
82665c9db7a67e0b1007f12be2eb1991b520e5d9cdd40ffe15274666389ba4fa;10;05;2017
30f90e0c25eb7d1e5efb29bb3e35ecbcbc3a9899ad7b0db9f61f4c95d07a1704;09;12;2018
d35dd239d80becc152c1dd98c5b891981a546be595d38c8b62f078cc5ca34b68;17;06;2018
7d27bf5f36246e530231e9b504f40ebc0314bb6e8584efe8ee420ba4cbc8874a;10;09;2018
eb705ba3e2589b5bd9fc6fdecf4f5150857e9ca47a07dadaaabd0c8440e0bbc9;12;03;2018
2c96e035ce630350097062da4a2c5c082c9f3a51366ecf8df50ddd61509f9467;13;07;2018
220e023e1e295386ecb302bd0140c2dfbe59b1e373cf0aaa3c9f2c165021941d;13;01;2018
02111663171fd00ce33a5388c45a1dd004bf2727cf1820429c03eb690bf24ed2;07;02;2017
6e5c92ed87d25bc161e13996bc670742dadad1dac17e64b271d3f5d8252c2300;06;07;2018
859dd6ae6d0cca5c0df1b6755359c50fdaf3f72d94a5590a0036e5f4bfb276e8;14;09;2017
d25d6d3c44f0ff1546a6893a32fb2429a2ab1c7936179f012886acec2927df52;22;12;2018
6de0f7bbf74ac304414717fdb881b788b1431116f28de4f18187a27253669447;09;08;2018
2b0ecde3b3cc10c99342c0404a0f83ce5aa667191da0265bfff844cd393e6fd4;31;12;2017
8d8da26d08995bcdd5c9a74096bb958ad9fca907eca318dc7b04aabab47e3f3f;20;10;2017
6ff9157a0e28714555f19010ecc54f384b0dbc7688c3350f04d54e20d251f355;12;02;2017
5fd661b7bec91fc2121aa398ad3067c40775cdb95c7569f79ecc4576a9a225a4;02;08;2018
5bcac1d3dab95b84a74adc5ec08c3201ad861d6d68363d8a2a71a5c8d3a788e3;22;10;2018
5009b1d362150e2a9876c42b891be84aa6959a656e99d290df7586e7640567d2;15;11;2018
6d9a47617bd0c5f1f15e3fdc1db9621d9491a667b6ccba07e0882f3ac84b384b;19;06;2018
12908105668a3530ec5cb8d43790532e1721c30f47c16f90f03afb3fed4cfa85;07;07;2017
68d68c62b0d1d20ad1657d3af4ecc4b6ef7b6edfebdb0008541aef68ae3205f9;14;12;2017
99afe091f63a54e4af129ffa34525a5fe0c75324eb38fb3bd23cd2b0ba21db77;06;02;2017
c2fc55d49957454ea5be086365849253c3f490bec3d9939f8f4bc380d03c4360;04;03;2019
6f6a5314a169f8b0740d261985d7aa7112c9b3d7ae3d636be8a0506dcc541270;23;11;2017
ef75d2e27225ceefe2e68a8fe4465fa58e7b14e9995fe3dd00ba0b1a76307d6b;15;03;2019
1c42cd8fc85345dfe510b708a9efa2fd3e2f13e320c6865b53679a1b90d92153;05;07;2018
24ec0363c74e5523a76c4b310f33186cff8f60a8d0ae4bdb7308bce93e310a5a;03;05;2017
275a0464a420960b1793b8562f4f987c7aa02859151a29b850405fc765ea1b44;31;01;2017
38195e5b13040f31b8924713820b01481a1c28708d013e9efb5ad68f82da56ae;02;12;2018
eac7987e6c31e4bf47eeee5327359d4a7bc690302514238f7654bde3a2876897;24;11;2018
45c21fe59370eec6e72a28322edb8995a7dc3f3f969047fcac34592571563b2f;25;10;2018
035c160f8d735f4a824839e062467c9b7765da1e561d62678d45ebea19747051;28;07;2017
d4f0e919b50a903b55e30f5e08e14437a2fd41a51f9f9f0d28ec4988fa6f0c54;07;09;2017
47276beefdfc18088227aec63a4ee8cfd1eb5eba260d25931626dee6816182aa;24;06;2018
835896244c72261232f70632bae22b436a95200dc22444b5159beccc7f86be26;22;03;2018
ad6f5c3e71b6c4d69cc48138bdf449621b6db8aaacd666b80b46b32bb37192a2;27;09;2018
8bd8106d8816db653e255c6bf16f224e2bce3a1fd7489e945a0a37ed0b943b53;19;06;2017
52bf1d7886534896dd21208a9a20eabec0d537fd032dee1e4b8b3e588fea7d51;02;06;2018
70fd4708326000bd86891742ea01ddfd45781ce9d49beb09e2fdd9864f612a45;11;06;2018
9e8376bcbb8b7e61c52a15f4f33b0c07d815ef061ca1d766cb54e1ef10ca477d;16;02;2017
6c13254d445ce46133fe2f19f3468c66b71e8695f621c2e9b085e29cd21770aa;09;05;2017
08dc6ca7779a77b39e6f68dd1cf8cc16546fa8ef12558a54b2f6df948e706569;17;10;2017
6386fc628b4f75cfd5c69df1f295779aa5ef120e4b3d6c5c1e48c6070dc21c35;14;03;2017
40b0e713db5e46a6f395165892b9698c4ac3134689b5e3acbaf2e61d6ab16767;08;06;2018
063247e777b583d44ee1aaa41ff219e61623d4cbcf8bedcb82b67c65d1d09140;24;02;2019
c124d1b5df3e9e8f972f914f5db5097e6248d2315d3e5f8024c7586630b6bbf3;19;05;2018
eeec28295ba6ccea66648add8b9f8ceb003f362b6260efe0bf994dbe710aa577;11;11;2018
00a0930d9f8f76f1d928d40688758aa3b2d08100629ab4011171e82b19dfc5bb;16;05;2017
62435e4e141f2233b04183951f43a17aab19b0532d194c99878ffd5515d82362;23;01;2018
61475de90bd521c1f5540f8785531127c407befde2147e1bd1a5710b7ae84c2a;27;12;2018
e0356327788324ea7275efe00afe4c0d185982b3e3bb34afbe8064db4a0f6d3a;09;02;2017
555a2ac0f5390eb1a43922ab4058a1dffabb3a6a79b6b199daa0d5d377d48625;14;11;2017
2a66853c85d0d9b25d33f9e045df1904c67f9727f2a56ad4d8c82e399af74852;21;02;2017
a4f0cbb5232cec34a55dd43490b1d1edd47b4ab2be21b5077525e50dea079d3a;16;12;2018
708be297a62461a9d098f912eed82a02f862e21a91ed21c6557cf129608826f1;20;08;2018
b0ebe45c5b0e61511983ddf823f45184bb07d9f73b5d5730af25ee1f6fe60e57;17;01;2017
2801df3f393f974b187823a507ab214038fa3ee2b77f996c06863c3b5df32f6c;15;01;2019
8acc0f8cd3e52764dcc8fb70a4aefe2814aaf5f0fc68ce8cae5b7b05ee5fa9d8;21;11;2017
2a35282f550f15291039811daf9a2c8f1036d48db98280c56bf6a5e1a215947b;28;11;2017
cd6abf19b8d964243e53a4f6cd3057b9446706c7b9df4e55163430f4a31f3143;25;05;2018
b6ecc5aaabe043c15ccc68b38d3ad27c02bf0b96019aae24de1fcd4f1ef2d676;25;04;2017
68c34c2aba24737ca5eb5134bf7276558865bad4f8b3784a2c04ad859314366f;25;08;2018
4c8b614eac2ec309f9eb5a0dc131bc4672370cb6eb3f514dee37a7870b00cb38;04;10;2017
92ac5c1b28fc9bb6ac881ed0573874dc0d19eabca2c87a94cbc3b36762e5eb14;16;06;2017
8ccf1bec189f11bcbfeb7b58da781891815ecd5034655e49e5ba2adeec4b511e;30;07;2018
56b8eef7119fd917f3063605c50f65be148dfff0fa2e20fd7eb2088d71ffc646;19;07;2018
2cb429837601661fd0e0f7df876903a6f2421055ffbdbad73253eae58d3a6b36;01;03;2017
5beed0589c74e63449d4e69564ee1239994176d2aa4fc8c09d6d6f445759b0cd;28;10;2018
2a5b17b05486c06e28148f5885d57f01d4891a4fc6dbcac85950a49b22673969;05;05;2017
1f9c34e7184e38e8f6c4319b5a7449853c62e864805e6004663801c2db958766;18;03;2019
433628eacea78e9b601e1796c750886e53a82d00bd586dd88fd143a76e235d64;02;02;2019
c83f40d070ece7d3dd08310a5f61a0f033f721e9400a890794c9a9b0aea78ea2;22;04;2018
d8f83e2ff7a937f23171a0abfce6d1d633f4eb7e9cdb603502fd53bb90f57be5;29;12;2017
291f7fc3b873006f575a0b78fddc521a0f3e9bdde3d4c2ac4a24b758c070cd55;11;10;2017
1c48a1a61272dd01ba7cafa1412b1131043d7f32657f43ce36e2d18cc216b7e4;06;01;2018
85c7c8b2cb9c59bfe1eb16503879c226d6f7687c7ec86a294b0c15eaee582888;02;08;2017
4bf13e34a8b12a74d15f0e215f1b3d0b2731d9e06a7ffdfecef36514ab32f2a9;03;08;2018
1b255fe901ec6b3fa6171d12696962ca137d0506f3736f36c89a88e86adfe7c3;26;01;2019
ce7214d4888189c73667da27c065728d6c0d75e7ec6a8c5dbd818a0cd695fdd0;05;10;2017
741b3dcc08cdbf9124125037193e7dff3ae63d9ee6273820bf53f6ff046d7683;19;10;2018
6cb7cd32db86b0a69b3d5476bf2cdd4ad557f2de57330aba31d21e679c5fc9d8;18;01;2017
2b3023526b3c3becfc530224977489f1da3f548615067aa632d6abcf266c15ff;30;09;2018
9e5195eb27bae42b573eb1dc1c9077b31282acbab46b5335c49c101d2a2e93e9;10;02;2018
43dbeb2fc0e93e63723915b52ad5fffeb415ed755474d11d67e065deab6d5a5c;13;08;2018
599953cf3b994b4d3470e81148ee476cd679cf932987c656aa76ad6e58807b78;06;09;2017
2bf0772a9fd89b070fe0261d63792956f0e2c6ded514b33be4e8ddfb1e4ff262;14;01;2019
3642cade3df4c900707ae48d41b41d03b997870d80c24b2bbfc38741f351f8ba;16;08;2017
f71b7e9ebf925957c49d1c12c247961b13645b70f8fa7f2a9da1dcf84fa658db;16;06;2018
0dbca223570524b57d74e657f3fb8967b5663e99a04894544dfa6cfddb6a008f;23;12;2018
c1f4f906607cffc2d115e81e7428721d876b358104544c007901f62c4479487a;25;07;2017
99bd6e2a90fc84aa453de92cfdde8e7bb87d24b102671c568f1939934fe028e6;05;02;2019
57cbdaca441736492f67bbd0362eccadb2dbd67b497b025d841dba03d3a7795c;19;09;2017
eeefaeda8c7e0d0f91a36ca9ea42afe7a2b2323e7c11e2559aac3142fbdb826b;11;03;2019
c2fb763c2b54cef8034d1ed01bd9b8a7f9f600566d3741caaa9b6ab7a44060f4;18;12;2017
66ceeea880983566dce6fd35aace2d45442bbed4c44c422c4027346d443e984c;27;09;2017
9aa32739012fc5fb79bfe0adc5fc8129355b803f3639b15819c249ab2437198a;09;06;2017
61704a490aea2a501b96145d072bb0dae01f5f15c7c485c5b9893869788a198e;17;05;2017
a15070810068643f4c8133f88fa0a7919cca1d9a4bb43fcedf9e8740736e0bce;26;03;2018
0349103d6d887ff820927b168b4a0f5f72e2a0d7f15fabd8892f59f4c8f636cd;02;06;2017
30a7b8304518f918fde4f796f9d739d3d55538d5a20deee3916b6caa32daf027;25;12;2017
94a3789c56785abf8229680a935153a901dbf17a2c776c7f04713bff931f717d;05;01;2018
ad88aa57291776c7f739ad0e2194f5c86cd2bd948fdee3b859a58488291c19fe;29;10;2018
70f970fc9b63b22258e0b8db996ddea93d124fb4c3f95cd904954f4a955c15ec;20;09;2017
8495ba435b02313f2fe20f1957bdb9761fef88323402fb8c3e535fe68bb24c81;10;06;2018
ac6cac36aa95a33ced5bb7c39654fb8bfbd3387529220659e31bd613093581c7;08;07;2018
0878bb35723a29861926839137bdcb5285fd218c6788cffe931df589a95d8786;29;03;2017
e6b6b0fb6893c8d02637dd44863d329057cbea3b135c7f673962f04b6810cb77;03;02;2018
335bcc0aafdcbbb449b497294000e6b5e395857aafc89e88a76c322d00df5604;16;11;2018
9ef40afe7bab8084f73339c793f3009dd7edf1de398842c0c12441ee179b59ff;28;04;2018
a6d23ea9a50260e8f95e9968dd2c62d909645b01766dcea7328f897b413aaae6;22;02;2017
590da806d62eb2aacedf53046fcc556aa6f452211248a4e47bb6e6240c7a02d4;15;08;2017
f0a1781307be760c25907294f391aef2726c5502da6ed3b328bfbb9fb972f1e3;07;03;2017
e8e6644c12b434a4b8958d3f32770de7ee999c2a325f9d65ff89a5c87c6e0161;03;11;2017
6d49219f1c1915936e5e5baf567e8bd338cd0e56dfd8b8292f9ea1e662f23f93;26;04;2017
3948083c23ebd0c834562217dcbbc941cc9c54ad0afcfff4d4c59f9942fda3d5;12;05;2018
c081dbaedc32d51ad2f9daeb7eba6f6dc59bc265e3f1ec2e74a7ad703bb750bc;08;01;2018
9dc3efe088bd3422c669cd6545e3ae1ec96a00f07f31c80fbbb14584cdcb3a90;20;12;2018
48365d10130b976fc13a1e4a06aa44bc8826a4306c930bf19605b426382faf3d;09;11;2017
18aceec9f98407a57472a5d4f4e45d164049789be9ee6fc57747d7efdebcc172;13;09;2018
5eb0e80eb98ff7d94c4986dfae2752897b0ea731df603f65a8f77fc9a96fe57d;11;08;2017
07877fc4832f7713f4cafb7322080658f4e24612bb2f1068fcd75b62a74b7028;04;04;2017
b71703cfeb9d12fc9725029239e4d5a02d01ff206d230c9dcdce6c1329965315;13;02;2017
a0a0bd6ca7ab5ab2d7eb9870d270208e97a02c86697e68b4a4f80295ec645bd8;04;06;2018
e8b724945f3ce6ee83c972dc8f072213b2e5f7baaaf37fbebefeab05dc88e729;04;02;2019
9fe67f341e4d059d6861ce648eedad4c97513eaa4219638f405d4270cf7a2500;08;12;2018
a1c98f8a65f0bc54d455b9100baa4773fb8c3dfed39f0d65d283bd60f17c019f;01;11;2018
8ccc531a854a15c7ed3b5ac6d19827793498bdd4c33a96c8787f2d685f3eddca;03;01;2018
8694216353768cadfabc4e90afbd66b161848e07ffcef849499e81f73fbd84c5;02;11;2017
cdb11a85937d9f2093bacd0fe6488f4f2367704974c5abab451d1f9e6c2f1b6b;11;02;2019
66ea01966ebd58e30ccc45d02a059e5819eeb5ca267f1d43f82e0add1d88ca07;06;02;2018
c2dd24a03fbbbb5e3e8fff58994de00a642d6162c512a24b795000c27e8925c6;16;07;2018
2496221492c53c3bbc7500923145ad186df388d7eecc0beb94badb1c8fdb441c;30;11;2018
f507420573e82952e14d7025175310a1314fcb61e217b2fcf2c2f04ef8c7433f;04;08;2017
a1df7e4a2b972b09164030160622be4f667efc9e73aaf94dc16b8408fd475688;13;02;2018
f8aef272cdfaf09c973ee510f68d802bf50b0caec02a9725f74adea3a12caff9;24;02;2018
ca34b77dfa0f78d74c3cb6a6780ff47202f3571418228d187593da1459c67a80;06;10;2018
a5f8f45a55d8a6e088aa9449de11adfff07e6862f29f7fadc6e1d6a9a91b7d2f;14;06;2017
82150e53302021272df9f2d43a7e8a2884992d60cc0814097e5b813eb61824ee;28;09;2017
047f8265ca8dd9c9d62d239311daa93a9544c5a97ea1f43d75c4318ee71528f9;04;07;2017
c15b131f44badba51c3d62caed0031e08f5801aa16ef0c6b9c33d934cae0fee5;12;06;2017
25c3c1f1be656ab30018d9d381587a103b64bb7ddb0c5abdf1b57c5b18944868;02;02;2018
bc5ce2b9c60db10071728c5363d8bbf3788c9be118722a1428539618b4e8d684;07;07;2018
3cb50a67566e9e8ecd63e423407a5cd5e10af5a2b5cdd915550de4eb1fe66f10;27;05;2018
cae00d03dff1e4b49b599ace4148e749c30e8bb4b384b5b09e93578d70f600d2;17;08;2017
4cd43c76d0bc08d6f31be8c770b80330cd99f4f0d09fc695d189fb6210ec97b6;23;02;2018
a9c1524ed33936f52607b80d7f85cc54a0b97d3f165a11b38e8627c07522d97d;24;03;2017
17a09b6cf9ab6a0eccb56af8f369bd9d988b9b0c779dff0a428a4e296624c9c0;08;03;2019
725963b486274b22202fbf5b277f0ea1db3c005c7b9c5294d5eea557bdacc876;11;01;2019
f7c7df5c487aef2009645395ef8540cc19237c329cccefa3e698ff422d64babf;29;05;2017
37121c71b2659dfbf222bc61b4562ccbe548a3bff2d0726d81dd07ad00287530;05;02;2017
9947736e75bb534b656ebadb207936e04aedd3a270330a0b8a5cd58801a0bf8b;26;04;2018
4101aabf65ed4326177dd63fe54b03f24d9f6cc8f0e46ab97a7c6101915fddc2;14;08;2017
24fa15d3778989345c1938b8fab56cfb295c9c7735381bcf6c67f398e6ef3358;10;01;2017
06fa913fbb2e6d9a6b0c68d4efbcf4d6816f6a0a69e16363a1418b150223a23e;01;09;2017
9b2ffc4395b921328a8b85a4addce3b5b7d00e4252496000d824ca7922b766c6;24;03;2018
b3a24f44d1326a45510a9cde5a2d5dbfa2b0e8a9d11dc48b73a957bae1fb8836;28;02;2017
299f21ad50698814a52af1b6029a3f6fc5240d09a67b8ffb28941c64ee2ed851;Não informado;Não informado;Não informado
dddf38f8fb5e4bec4942bd913acd9b242b3abe0aa7df84c62de54089a1cc9f40;29;11;2018
5bc68e80c08efde2e1899d207ca3ad02aeb64d20349e4b507ce64deecea88e8c;12;08;2018
07ffc9bd0b78a8a904a68de58311fb3b7cf5407e90eac91ce9fc26587c58eac6;17;04;2017
67e680f3d887a9a8504deefd0d8dc1ccd3feadba37494d1cd855cb53314b8f87;09;09;2018
13bf8436d52703283da3d2be70c1c3393e915f7c31478474fcdf9b54f4b7b7ee;18;02;2018
30efa887fd069c5a0438e3518c30963b64540bdd3bf7962d0cdb9117bdc2360a;06;12;2018
5757d61973b48b5d31c61011f7bfbf8025c9ee47af3fcf29ed42f6b72b13586a;20;05;2018
22aca1c3bd73cac63339cf749e852aa9e4adb9cd030a4252376da892bf07ac10;07;09;2018
0ba3dbf2555ff80fd4f315d1d75523833a7cb318620f09f5a203568d7b4a748c;01;02;2017
29e7836231c1513be1279381343c8705eae4f27f18e47477c35ebf99e5b30cee;20;11;2017
c36c3e9c0805e51e0f2441802c4705c16eb0474eb16e12eaa8309fca27683d5c;29;06;2018
93b250fd78bcb9197efb0016eb4d03be994dd8c4119d715dc046f98a6fa0f826;06;01;2019
225d261fc652708ba85334c139b89d50067c674f1e4cc0b6b59a2dcc369781c7;20;03;2017
c8d6ceac640e70e828b28de4e857384cc2d8d9e31ebd62fd7d8696e50e95c615;22;01;2018
f77451bf5936c7113ac9c1d9b35ab1e2463e430aec97a304c6f9e27e7dc626d7;24;04;2017
112282f88a1597cbdb0f830557e4ffa1723885c806aebed2bff6f5d5c52525ea;24;10;2017
82b577f28e1794dcd877c0d1af707b27a8ee5e114a509ba09212a4f0d8f4f694;28;07;2018
d8e56fb6dd9a2bf81439be03a83416317e83f6aa1800fae5136a57e889152574;26;12;2017
fbda9766d133722d54f38720b435fd83cd80b057edd225a40ac9873cfee98c75;11;05;2017
e235409ad73274784a3c3c40606b7ee2948f6de0849c93255a2f6fb734535de0;27;01;2018
6d208380571700699dce76a44dd8eebc988c57cb00266e2836ba2b6187cd617e;29;04;2018
6bb92420205bb822abef34a59945a2ca9aac96f143a5c94b17148d8e675ef66b;03;03;2018
4f4f71236cf2485226cf987e44bd4f492a171b9644519b7aaa7e9d76dd83207a;06;04;2017
41c9e8cc1742062a66d1912a235ab25e80d43e9349bac81fd213e82616b94a95;22;05;2017
3f1c1607bed8fffe052a35768e95f8c2260d1e39e12649ddb92f260de4b0241e;08;11;2018
dc2dc204b8146e351c850664ba35c66fd42adf4141b6599f6342b15d0070a782;18;08;2017
01740c383a02f01f8d03d7a82538509a2201cb9c542c0fe5ee46c16bb7f1af16;19;02;2018
4c932e3992dabd754ce9e8fd612ca6fdf7d1439fe824797057f309c18dd19d60;27;12;2017
113c3c67386f16e3841b4009c683553f4f6598a2abeb2e8b3c64f33725dc5f95;09;08;2017
abd89977d4b7047c5094862a6c7e9f842a9d100e988530b33e1867c23f1cf2d5;11;10;2018
3e6fc8bba476ede0ec4d7756f2894204f54f6954dfc0ef5e2ae152cd69208128;29;11;2017
bbc99d11f422c897d84a6a3ed990bc3450143b68656ca66e2c65d823636ad03a;22;01;2017
c3f68065b7c78846b59d58b6c425971a8424e727775da5a9b905e01c2cf2a095;24;08;2017
9b8feff4706c1738226554618c35961713490e8d6d0d05d371de02dd36c19143;19;07;2017
0d638c4271d66ab50a0bf52abccdc9095fcdc6fb96eadb7d3ff8498a56cff90a;12;04;2018
ec35798f4b537c7448f7ff07d25ea5f0680dee8c7ef701bbe5ac01a2023ec289;30;03;2018
5c733ee1cb328a8fc3c61e678e8e3ad914f402f5d96dc81cc3ca82bf829c2d44;01;08;2017
02cbdc7e0b3c3c9d65c349bb91a238d7e3840b9657c6fc618690e5fd7f54e015;08;03;2018
24273f041f8e7f6e71b3eb5456e81aa8bfa392a24822db6b689b6dda94a70c15;25;02;2018
9c7de96d6452100cbb4623d7d05afbe87aafa8eccd20c1a93d41f4e88ff6ee40;26;09;2017
b6c99434bc4c855b363c64837587f404325f94ae4c65731587ee2e88a8b78aee;20;02;2017
2065d31419ada51b4719d87ddfdcc348f55d6939c122a3668b410cff6dc51f3d;30;11;2017
9854ea4999247b762d54b8dc4b4076da83a421aa8f53e468df92d769250fc45f;27;04;2017
32f6102b0c2a707ad946a1d59467f60f9abad5f1f410e9c284af9f40a558d3e3;01;06;2018
b072a1d1c2cdda79bca426372faa9f80b9592c8e9532011d5435054d50d80982;05;01;2019
6c669c764cab018af5c02cf38a3719d5245a2deb6c9ad363602e8bc4718ebce6;10;11;2018
5ba37fa7a3a4b15d76610a5a14d061e7ddd3a531fb7cc2e7249ba8fd2ed8facb;15;01;2017
597b57ad3a07e6389d0036ad0cdf25add609cbfe49a0540ece524209f717708f;05;04;2018
e88575fb9815c35166c5ae73f0bd59bf4c59132f9e599465026cb1e838f91568;26;01;2018
76a3c641d13caa4554923104fcf6f1b2931c246283d876959a30a93e373620c0;09;03;2018
a27a33c32c750254a1c17f9e940d413f6ebded61842d36c8b01cf9ac7ea7b33e;14;07;2018
a4ca8e0bc9499929bcdd778e5e8f74dca399e3dfaa3c81bac53ae543bcfd52ff;02;03;2019
a901b88fa0f0164b693520d5ba37f2606968e90ea77a45dd9105f8bf60c78487;01;01;2018
40bd617f363d2cbc2589e507d17808648f943abf92d2eb0bd7d4d971df69e3e7;10;12;2018
4d48dc722c8d2a3feb52ea73047fe1f5d65494dcf87b056b9f8c1154840e4b52;21;05;2018
c241acd5963fe436dcd2216af7411ea240563ebc2ad9c1f55c55c9c667494a5b;31;12;2018
96697eda7d5feb0bb18c52b86665dbf9ace3cfdb4a06426b02a6b4c2611ab0f3;30;10;2017
ec2197dd78517f1c867f6b8b54d7b9b807a309d64ccfe265e79d5093e33b3499;07;10;2018
06439e03913bf4c93efe046ffbea3d72b58ecd96be1c666ddf7da96449e3d044;07;04;2017
a324587ec4b3b3ba0563e7e74981a48af2a412ab305edfdeb1b800bb20caa93d;15;03;2018
67ffab987285af21a1bf97db06a6719beaee4011483a3d110d8e28dc9486e7db;24;11;2017
a79369eb6159babda36ae99cbb8f00b1e49160aef2f1646fec4a0d52d43c2044;14;10;2018
641ec5505a658ad3700a367528c6dad89fc088e69fe0affd69f7de0910b644c8;08;04;2018
73297e9ef00c53208c8835c069714e1ff3855a1e4ffa0198c770380a705cbdfc;24;05;2017
9fb893632d5e25caa15def5fea601576d4c7444d0b3a4dc951e626041d073267;12;01;2019
74ac41417a60872772c0206eda1b3cb70befa7d7d5bde1b043e97365d67c396d;19;10;2017
bc23c56ecb2960bba3ceab7a5f834eafce655440801916489b579305ef1cec42;01;11;2017
8e148c8967046669f829a529204a8c597a1f4b2c7bc97efd3c0197a555433ffc;18;01;2019
4fdf9470e5e256d01adf153b61bf4b4f0ff9567835b8d348e41930f77b044621;07;05;2018
e88d85455d6028485d9cb18a3f988e78c03be14a0deb157d74a104e3083a4b8a;23;06;2018
199371fb3079574701f01bd064196656a8b2c93bc249605736605886f03e6115;29;06;2017
88419bbd481e49e99f3b1ceb978784c18d8e7945a66676ef9258f6d84fff2e8f;17;02;2019
43c1992b921b7aea2753791ef53fb36948af92511c1385997d1ac7b60a35b943;18;08;2018
585b4327303aee7eaa32f1768f3acd8b0307f394f07d5ff53bd256329b04c11d;13;10;2018
a89586f663c3776e58e7f447868ae7c7f4bc1e1cb1448d8b9822a45ab6f4f620;03;10;2017
b1ef3a839bfdc82dd4eb22dd3e38ed39102044870cf26f5835026fc29723e3dd;24;01;2017
0e0f3d032b2b7458a27324d79bc4543dbc40a23d7ac94beb36b4b59e7837c42e;27;07;2017
f86d03e06a83d782edd8327b3614f4a0b1bb760435a02a615ae5b0f62f073bd1;24;07;2017
8806a6298ec30c7b85bfc1b52dfad7964530eed4403cbd237111224fa0880a33;09;03;2017
f1dcc7dfd17f21d9e16430ed1d9b77aaa2935bc76503b071dd6270d3962dbbe9;08;09;2017
2567d4fe6b03285f11b428f3107adc9a0172158e748d1a58f1a8cb42837b199a;12;07;2018
4863c760d30e8991bbae18b785286fae7c50e8327bfbd29139c72ccafa338973;14;03;2019
4a9dba74e06a6ad132ad1cb591af6359cf91c2be8aa840b49827692cd3bfab48;05;11;2018
26790e09c7f72b3cb2b28f097ccdeaab851752c1c18ecbc977b9c43f6dffb294;16;01;2017
70f8540f2dc7767260c64e794dfcf887aceea0f3ea825c0e96d96ddbe177c69f;06;03;2017
8335e181d2f16d1ebfda1ff9e5066e871ab4d929633632de928c12d18125f576;10;08;2018
48f468439d9dd7ad09a0b1f811a3715b868a1b641690aaea026dbb5aea8d0c22;12;11;2018
d8f7694f0ef9110482bf71b8b3f78a9a6ed9c79f74b388d168c1239346c9e71f;08;08;2017
87c9a7b2eb23c29fbb63fdca2c2d7fff90e02ab58f810ac5119c7224c9c92ce4;03;09;2018
6c90def5ceab214dd8138c6daa4f90b7f25d1eb7ffe5e851028b99f8498d6413;21;07;2018
