PK_LOCALIDADE;CODIGO_REGIAO;_NOME_REGIAO;CIDADE;PAIS;ESTADO;CEP
2311328e037cfa192555de10db3da0de94c6e00801b3b486df27507d5afe958b;1;Western;Farmington;US;NM;87401
11e84375ab39fa16d7870092940c8c00a19cfd6b239b0fc6ddc6d53a67c21ad6;3;Northeast;Hermitage;US;PA;16148
b97ad77b47d59f5157984dac98d3cbd3dd13c787b8cdcbb181582d3ee829de43;1;Western;Phoenix;US;AZ;85036
ed505b327c65b927cf781dbf4f77fa6145e9693e57f20481250cd002a56b3cac;5;International;Linares (Jaen);UK;"";23700
81e4fe594c675af027cad16ad23ff401fad99916116ee118da1398f303385553;2;Southern;Ocala;US;FL;34475
89ec123692dd15d1c73cc748eb97ca4c02135c8dc560cbb462dd11c068b918a0;2;Southern;Odessa;US;TX;79764
7e8b651b2e78df9e6f013d45959cd1d5625d97949748c4a292adf37f90e1eb8a;1;Western;Maxwell;US;CA;95955
3cf1d9565ac053815b66344cad0336ee36f9f8e7f300cb13ea04bbe4aa7ffb10;2;Southern;San Antonio;US;TX;78216
1bb7346da7b4aa4a685affdc1371d3471fe7c3055effb932fd5bd59921273486;4;Central;Watervliet;US;MI;49098
a6105052a665dc45d08e0390cfc73dbd2a800083ae993548fef894438152f713;1;Western;Colorado Springs;US;CO;80907
4e0daebfacc5e758ef0e168f10a4c8294fcb272f1c612382bae2ce03d719acfe;1;Western;Tumwater;US;WA;98512
9736fddd58a82d8e72646b1412fbfb14c051230bfaa70b5a3369b6c9d6c87dad;5;International;Taipei;AU;"";104
f1503ec2010d6f2b0cbbe5ac6b10e7053b67798b6e87a5adbcbca4ca6a08e3a7;1;Western;Modesto;US;CA;95351
7262eb93eb9b6eedef3cd9295fc0114987c197d77d2bc5c3c321ddce9be72fd4;4;Central;Grand Rapids;US;MI;49508
cdca2719f3bde4d09f6eafd0174e16f8358a39d9cecd60f6ee3735846fbd7968;5;International;Jakarta Utara;AU;"";\"\"
d3cf43c8fb8e7830cbbc7c57607eb0ec2b7ec3ac36fc1d2b255f60d1fe909843;5;International;Furstentum;AU;"";\"\"
91ed8b8e2028f55498d2ac30b72fc61f0d1d4cd6ba8227224003cdbdea76aaee;1;Western;Corona;US;CA;92880
8df83bca03c95abe215769488d9bbadcb20514e142dd2e6245282df7cad246f3;0;Canada;Burnaby;CA;BC;V2X 3K6
fcdc7edddc6659c66d5e8fb09ec4f2545ec09d79339cf8c908b27a7c0a8aee8f;4;Central;Canton;US;OH;44711-8844
496ac09e2654bc59dd973c3804cb2088ecdb8a99628041323ce83c0682bbb837;4;Central;Southfield;US;MI;48034
63bc5b371530ff63aaeb84e172be24e9a33faf3318d453ccf6131658a1986cad;1;Western;Sparks;US;NV;89431
a7b329358cd3ab8fc080996afc5040300e1c3dcc9414f00bd97706f2758c66e1;4;Central;Sun Prairie;US;WI;53590-2553
41849a8aadf2056952cde524fd1b5d1472534ee845529decb5f57d99df2af858;4;Central;Indianopolis;US;IN;46222
122c84424573859a30fb00b7aa3ad3b9b360d8f8451426995fd9e2a6bc1284b0;1;Western;Corona;US;CA;91720
944171dc565126a65237a3023a138a39c654028c1243cbc0a147110c035b775e;2;Southern;Columbia;US;SC;29202
8ff3c8b14efa5d2c65dbf18943ca01f3c85695d571a3490a1d523a3e8a14e15b;1;Western;Boise;US;ID;83716
0c94b87393aa1b032c12afa083b70ed277a10d79ce939276baca2ab18fcce485;3;Northeast;Philadelphia;US;PA;19132
69aa99cc81e1fe06dc444286a2e9d7d8bbff362806e761f72e7064512bec7af1;4;Central;Columbus;US;OH;43216
872d1e466ba5607ee9513764d663defec99dd44465d34474778027a36dd7a318;0;Canada;Beamsville;CA;ON;L0R 1B0
f9b506c82eca66c8e6530b253ddfece93ed83d695cc9de3e4c7754710dca719f;1;Western;North Highlands;US;CA;95660
c8b7cfb58686c9cf15d57c72a8477e6e1c39cac5de2481a41e6bae3c7734d62f;4;Central;Lansing;US;MI;48906
5f6ad9e01bc2ef137e1decc5f40f47f34349c4260c0ea9d67f4ebd2c41c6e5d9;1;Western;Clackamas;US;OR;97015
cf97cf94eb081525f451d9a0068498104f6e67d53706f553823e836b152fa983;3;Northeast;Wrightsville;US;PA;17368
de990825155351f4be477518c57d07573c4ef7b3bac5d465a768eef99b98c96e;3;Northeast;Hodgdon;US;ME;4730
e2d7f0a9495cc8d60c9c41f258a3ad20a066ed9be15836883044c9f73e4b8659;4;Central;Chicago;US;IL;60680
3fdc1a63cf0ca244f35c38173fab3acc3ea5fbfe26a42d749bb64f0e8c1c75d5;1;Western;Clackamas;US;OR;97015-9733
0d2c18426dad1edfe8944cc46ea45e934afcbef87d3bf51b004b8185f9e85e66;5;International;Asuncion;UK;"";33126-1214
af73f9ab305498b2a1f2e02fd6c7b025fa42dc214752cfd9cce984fd0a793898;1;Western;Prineville;US;OR;97754
97713edf264ec9791bce14f2c29bc8d911bd68b3fc0176d6b6093b6fc87b679a;3;Northeast;Frederick;US;MD;21704
6b30192f34643d8cfc7f07034e59dc39071cf057be6ddae30e5d728019656968;4;Central;Crestwood;US;IL;60445-2205
4ee5dd061f2ef1abf2f5e2be94f474cd0b0c4861573785353c5ac73644da9108;1;Western;Sacramento;US;CA;95821
6317d4c8405e1318d05de54e65b0a6c7f250be884f3c8e54ea2c0456dc3790ab;4;Central;Hamel;US;MN;55340-0700
db868e5bad629f5fea640cfa61badfee2db3ba8f7e7513acf49ae1c75c4694ef;1;Western;Fresno;US;CA;93725
a525a2f4e1162e5c211440f6555b8d0e0a4b89424cc4876ac62d47be01435f3f;2;Southern;Little Rock;US;AR;72219
d26d0bfab8144ee8739972aba8e2c12e5e24d505d9f35f1b9de0e2d938a3fa72;2;Southern;Cleveland;US;TX;77327
f6cd08307e0666776b00b985e2f746a0d66e5e999037778aa47b8f7c96570ad8;4;Central;Middlebury;US;IN;46540
a7b1e43bb72ce463f9feb2f8b70ab6f6d9b362c52129a1ee89464b30134ba342;5;International;Quezon City;IR;"";1114
ffb744cc2a826d82cf6dfaf35e56640f5cf3198433c11cd5533d69ca0d809f77;2;Southern;Mebane;US;NC;27302
b2484fceae32890e7f01c722a9bf858138180b18f122fe0c8c0eaa041fa1adac;4;Central;St Louis;US;MO;63109
e250e968b6c1301581029e903176e1f64df12e7cd8416659f889d628c000cbef;5;International;Kanagawa;AU;"";249-0008
10095c6dfaa74f36bb5383475c0f9d8ca439ff9f204080a60cc850d1d10fd948;2;Southern;Te Rapa Hamilton;US;MS;\"\"
215e08c3c7ac6b874e2c92523df4d2dda1fd3bfb0f33bec453ef2c6cb026408f;1;Western;Hillsboro;US;OR;97123
7620ca029c754223a645fc3e04f0565c3666afa91ce8118d2d1175955465fb3c;4;Central;Appleton;US;WI;54913
8b957890b0ea9946ba8ab9e30d1ffb7748421cefab4a92384cb725bc96eb0235;5;International;San Jose;UK;"";\"\"
2333a6fbfa0bea0eccf8bfecaa65c73e7e22b46f9bbebc0bed0466b1729055cd;1;Western;Gardena;US;CA;90248
ad0a8730f463b30b596451b2ffe0ab1f40b243a76d1a3d9dd28e0f56ef91bcc1;3;Northeast;Glen Burnie;US;MD;21061
90a277a997bd3e60c2c36340ea495b90c3ea05a8ec15360a7f8b50ba4554c33e;5;International;4100 Porto;UK;"";\"\"
6378166a884e21a4c7d47ba265ceb212087cfd715f9668dc705187f70d214aed;0;Canada;Edmonton;CA;AB;T6B 0A8
79052b0cebca40701f993be17aae6d9cf670e9f834f3fcc7b623aa9e856f7319;1;Western;Wheatridge;US;CO;80033
ac57d69e543d40aec69b849c5ac887946d14e0df2c190b74575c87ae10077af0;2;Southern;Shelby;US;NC;28152
6888dae9b111c34a65d282033ee6a10b95042d64541120ebb5e90f5e7f35c7c8;3;Northeast;Waldorf;US;MD;20601
9bc3076a560390e11eceea2c00370d5bab7ae9535c8c23a34d7aa09e3bb61dea;1;Western;Tulare;US;CA;93274
f0b03c48824cbe2960499a1b0a4b9efa41ca1713cd8aeea0c36b2ba12ace8008;2;Southern;Birmingham;US;AL;35210
c7e0cae8c3cd5591bf3f87000b2dc117d38bbe6737b870619c5d28d135b88618;3;Northeast;Vinton;US;VA;24179
563361688b75d44da9a72795df49d045c4c84bf864ae20b5eac6ea4d1cc49a94;2;Southern;Schertz;US;TX;78154-3214
fbd92ae4bf96567fa7f40cd486e52ba20eb50de61882a148ee95240c958643d4;1;Western;Benicia;US;CA;94510-1020
3dd865fdd1fd9ca143b3efb5eeb238f087d71bab7953690a99fcb391f36f9bf8;4;Central;Flint;US;MI;48507
e07838e2e252473d026dbc31f8d277d28c19aede6db039499c3b5606fcc4fe82;2;Southern;Tampa;US;FL;33604
b80923cb2656fa1343c7d72af4d15557732301d0b1456e44bc036b5db9faa19b;5;International;Schiphol-Rijk;IR;"";\"\"
815ea471d92d0e4c3df1725ece0131b1135ddfc5c7f3ac20afe3e9f744695c02;4;Central;Dover;US;OH;44622
06feb9e92579fabb22f4ad027dc8cca3600a21c4ee301fbbc3a4b9313a0a62d8;4;Central;Poplar Bluff;US;MO;63901
0b52ca2bb7d90014924901a229e240d904ecd21ad2363760c2c3f9a6d0852aba;1;Western;Huntington Beach;US;CA;92647
a67ebc37e50eada49215001726503b210b26e59cb3c2ed2acdfcd9c34085696e;3;Northeast;Richmond;US;VA;23224
efc4ffbe69dee61a2bf15a2fd96c756393b7f1d5daa7aae9e02208fbe28e886f;4;Central;Thief River Falls;US;MN;56701
55afa644125af3f6464b6a68a02a2d8adc41b31cf9e20ea5fc393c4632ca2c04;1;Western;Enumclaw;US;WA;98022
6cf79179c77279059e29c8462de95dd1c89cb3c27dc1fc7a2b0a09d943cb8d34;2;Southern;Nashville;US;TN;37206
75878e7a42e95d51c1f6e3091ec86694b66a4dedf1a2c56179ed5f774ca9e39c;0;Canada;Oakville;CA;ON;L6J 5E6
37949eb302acacfa8d03de67c08bd25079d227a82f1122e1f075042c028f86a7;2;Southern;Jacksonville;US;FL;32236
485721f922e6410d7251da53833eeaa09673e14d94f14c53d1cdbad2cd683263;1;Western;Cypress;US;CA;90630
6ddb72559c7041c5afa0d34f290205ba3ada14da49c473e4be85754ec25fa1b5;4;Central;Fairmount;US;IN;46928
c4562e93be99fe63ff16ee8b2917f13f72f679dd785c757224a56b3c5508187f;3;Northeast;Mechanicsburg;US;PA;17055
38159501d99881ab502532f5fe1ab7b57d5ccc9ff2958ca4c25bc63ee217a021;0;Canada;Mississauga;CA;ON;L4W 1T7
1b0a5f5db6ad3ce7679ace09c9a8163508695baf1bf7eabffd1643f09d566a5b;5;International;N-0598 Oslo;IR;"";\"\"
34607f9784ac5488099d0dd894af89b2f629c9e28346f7450f6122db64d5e7dc;1;Western;Buffdale;US;UT;84065
69c2bf9105e4c9b1d27c03e6ec7db7e138b3382e3372a94e3d6f30ec59beb93f;2;Southern;Tulsa;US;OK;74116
309ba70569b22afc5de8b5f345d73f4dc26b8366a4088d3072254d8e0e401062;4;Central;Grand Rapids;US;MI;49512
7a64b9ebf32e19e8aa3097571bdb42a40ad4bb5c630e2b4261ae8cf6391e9075;2;Southern;Norcross;US;GA;30093
5b77f937bb338553a06d04d0a5723a5c43a30b14d2eacacb3832b5e01324cd04;0;Canada;Saskatoon;CA;SK;S7K 3S4
9bc2ebb9547e26edae40be3ebc4ef90428fd04a70a07a8bb665c3ada7ab03dbe;0;Canada;Calgary;CA;AB;T2H 0N3
e3ae963685c1172f3cbebc625a63ff5a8738dc9244f679126948c875a34ea299;3;Northeast;Salem;US;MA;1970
b6752a8b2af2d098a2bb558e64c190df861e8080906c14fdae9ec4e3750ed8df;4;Central;Cass City;US;MI;48726
348450f0646a0e579dfd5d0353ec6f907f88f73972c0ca0ef8c2721504213ee6;2;Southern;Pine Bluff;US;AR;71611-7647
983e4273abb1020d6950ac71b900342e7092bf1908f09ce23d854cc8ad297511;4;Central;St Louis Park;US;MN;55416
94edd733a8a8979433daf800e5d0a3b1eb9d5d20134c424f2bd5b0b468e37419;2;Southern;Okarche;US;OK;73762
936cc72674bee80a5d73efff4994c892f057c8b86bba4eae8f1568cd1842b3e3;2;Southern;Greenwood;US;MS;38930
09eefa111eade201fe499fe0add2db0779397f55fa6dc3c634a74bce8571be27;5;International;EE 0026 Tallinn;UK;"";\"\"
7989050895001cfe443267966494b40ac69c23fb0e727953e80e4192edda792a;5;International;Panama Rep De Panama;IR;"";\"\"
dc0e12b6a46ddcd820d96ae286dff57db1f17287387d8881a17d2828bdb708cd;5;International;Johannesburg;AU;"";\"\"
71812a8ede558a559a909d45169e742482fbfd431f91a28436b2409d07d2e97b;4;Central;Mentor;US;OH;44060
d1dd36ac4e3f4352985de1eb40dc3e1c1e5d6b74898a64352ffa93686bf53578;3;Northeast;Wester Chester;US;PA;19380
f4faa40f0afcc51a59af8973aec51e26eb87120873af3800ab596297c75465a0;5;International;Georgetown;AU;"";\"\"
6ba3952e87a3d2b7bc4d1be4a9f4e477354623c22ff862a33f68e40a08cd174c;4;Central;Canton;US;OH;44708
4d53fd729321648abca2c8364e72e1a1f2baf14641437cbfabc601be8614f5c1;5;International;SE-132 28 Saltsjo-Boo;AU;"";\"\"
4ce8f0cf44608b73e094d65e729e9527df9ccae60f8d700daaeadbb2a8593627;1;Western;Fresno;US;CA;93706
d8591b2d8b9b871d99341193b99536886f3897367a8c1182f492c2556a628a17;1;Western;Compton;US;CA;90220
40ee85e6c1acc8228d5bd5d3a981b89548f4c1d2e56febb4662819ea08ef56f3;5;International;Madrid;UK;"";28006
1c5b5dcd9c28b2e89ef1e003ee9bb108e2e3828a478bfe212651e2f731cb078d;4;Central;Morton;US;IL;61550-0474
d7501cb2070d9565c17977263fb806afd7b8a66322c20f58f7afae87ad5023d5;0;Canada;Boucherville;CA;QU;J4B 7K1
c4441afaa0799310b1f013ac1b7c10cab9a8c6b86288505995040d1d7391ba0d;2;Southern;North Little Rock;US;AR;72113
8deb266c69a6a2eb17fc70e4174040c95fc88c3aa8ddc19bf2da4cc404280a0c;4;Central;Saginaw;US;MI;48606
6ec1ec90d08414b985088fe9a1e775a7de79a7cadf4576a0fd30ffd636b17304;3;Northeast;West Point;US;PA;19486
89ec5b51e9973ed588df6bd90db1dff34ef3e88225f1b475f28e7eb5353c641c;0;Canada;Regina;CA;SK;S4N 4X9
628c8ab0d3b6771d76c587bded1577fc9a256e716a9cb08d0e375b10e480e849;2;Southern;Buda;US;TX;78610
cd27d30046fce2002bff3c7bdc24b92db0344c2792d840c0e636b76794e89c7b;2;Southern;Okolona;US;MS;38860
d22490ab3c19daea4093d0b633eef9fa5d1458d05b9e20734a119d5acbb74ee1;4;Central;Valparaiso;US;IN;46385
c94a198c68ec2d3758de7aa786a28a3db241aa0d61e6c7b778e608cbe55c32e8;4;Central;Pontiac;US;MI;48340-2956
a363942264f821674ab12547595046111188de94c13a8c0662599b53b99976eb;0;Canada;Edmonton;CA;AB;T6E 5V2
f334145007d9d5d74549708c2ea325e807f0e6aa490235c4fbb1eab26aad7ee3;5;International;Lighthorne Warwick;UK;"";CV35 ORG
ece21ce846e95344ad1a2c3d5e45075e8f132034e32bc3fe206e4c9e1099a7cd;2;Southern;Brownsville;US;TX;78521
c08bb0617319ca0e3c3f47e28c780d0b728916a406bc5e5a2e24f046a86478db;2;Southern;Irving;US;TX;75060
cd314b6d1621cc1bd17744444c53a434a90dc43b76f3c4af4221afd4a5505c09;2;Southern;El Paso;US;TX;79925
5a00add379c416543d94d21c8517e7c4ee9ca2c1b4cc495c2ed294718eccc7a7;5;International;A 5102 Anthering;UK;"";\"\"
1d34ddfd8912db95b62621da85023215744c41a33321eb9bcae2285697aab54f;1;Western;Yakama;US;WA;98901
338e7c58c79b50f5ea10e422bb705cfac0bc1dc90dbdc340e5c615421ed0bdfb;2;Southern;Greenville;US;SC;29605
4b08d0a9e9ed2fc4c3be6cf3fa09fbfdd4fa552acd8c6298e685fe3de709dd8b;1;Western;Casper;US;WY;82604
5e6dfcfac4e993839ff66942a47c51fa8b327acd616a04c811db3f62bca82b9c;1;Western;Fort Collins;US;CO;80524
24c0d6642d1fc7806e30b81aaa0eece4bb87623a2b5a7a8a445296edc32fa1fc;2;Southern;Memphis;US;TN;38133
2d277d359e66f460f42945e2d0a301da1fa6b4bfbb7a9f0a991d4445fc44c2a6;5;International;N達o informado;N達o informado;N達o informado;N達o informado
b7c805127dc03abbfd5325aa7f8e1e370b6671e1dd8db7001530de4ab865ccc6;1;Western;Hayward;US;CA;94540
080df72f1b3892aff46381fe079282e2ceae95e63d7334d8756747045e680631;1;Western;Irvine;US;CA;92618
7e869d64b5d8703a2d17f0e8f148fe4f2dcd4283975fd76771a051cf4c3c6557;3;Northeast;Roanoke;US;VA;24013
f57aa6fb0f7c03413eae8e8c8bf029bbd7a57416d7a4d5e3c965d4e98f150e3c;2;Southern;Goodlettsville;US;TN;37072
69c8454f947d68ca73b9ce35eee991cd693141cb6fd0f3f9e64cdd8025270727;2;Southern;Jacksonville;US;FL;32241-3017
a6ed702a7a665a2262ca3e01abc5058d0d8142ef5b3794a8902edf8a703da16f;2;Southern;Houston;US;TX;77061
88446174f93847841094bd3ec11cdb33dbf9cdedde1be36cdb75ac9b9ef916e3;4;Central;Chippewa Falls;US;WI;54729
f7b1d37d6e1ebe98ef27450f64a0e71e5c7468e838d0f7cb5c2a738d1cdc077b;5;International;Beirut;AU;"";\"\"
533c7f7a19bbe72d99783b16aa911202290955754653631d2cc24f55e82e375f;2;Southern;El Paso;US;TX;79915
e29f46c074a94d4fab3ad25b230eb02035249f93bd427947d2b00b10f27171c0;2;Southern;Amarillo;US;TX;79107
d5d1af3e399a48f259fd0027d625ca08ad901186d74870dc493e3d7fdcddcf2f;4;Central;Traverse City;US;MI;49685
9ace36c8ff35455fe201f7f09d194fa835678e3484483f6702f72be8a298b8cd;2;Southern;Statesville;US;NC;28625
7c0e2e085c6a0e7b5e294980c0f895b1fdaa8436f486a33f9fe91e6f4ca43df9;4;Central;Waterville;US;KS;66548
2b669f49e93f99f1250313a9c7f077d59f56a2fb2f7a8d49c125bb52f5e70b65;2;Southern;Duluth;US;GA;30096
a9ade62a902bc57f0d56ef06b8aec4338266d8e31c974d9094f79e055df37276;1;Western;Bremorton;US;WA;98312
52c54d3b2f5d90404a865d97879229ab65bed4b3c98690c561c09bfc5b282363;4;Central;Elkhart;US;IN;46516
f8ad72e1233e3217c21cb4a8fe4abc40a71e4a1873d3a148331ade67dcd955b6;4;Central;Garner;US;IA;50438
5f3dcb7473b0559c42a3818572457a03121f049120930e9a6570cc11159d5687;5;International;Seocho-GU;AU;"";137-938
523df308dc7e24a57e68c7ccbdd3174782ba605c79097e1dfc1aead940a9076e;1;Western;Pomona;US;CA;91766
9b4f8584d469f560e0801d5e5d78040fde657779791432b4a6e60c510fa4a690;2;Southern;Meridian;US;MS;39307
9d392ab8f0656330550f9dbf311a5a015229ea6f0fc8669a145073ec926e0c12;1;Western;Missoula;US;MT;59806
7acb45ebeace7d068460ae5e9bbf1fccebc5edbbf156ca11139bc1ee405c2f04;4;Central;Aurora;US;IL;60507-2060
fbf781881547cef684b575b52336ab44fea129f4f695c067e4e93ca92481a71d;0;Canada;Calgary;CA;AB;T2J 4L3
9dc1a30887f9f50361d02dd767cd5805b518fc8ae3fd57b56f6f3176d90b6d24;4;Central;Bedford;US;OH;44146
da0958e136c1bec493152190681ddded6425400a6fac541f412ec4f6a6c5a893;4;Central;Andover;US;SD;57422-8811
a5fa51ae206eaa9c5b32772dd2373098619236395f85a5dc38c892718f3bf9fa;2;Southern;Villa Rica;US;GA;30180-0266
4839ec259f5ff9ff1ac753d909e1a2c7ccafb4a2626caef66df2d7fed1f17a3f;1;Western;Eugene;US;OR;97402-3519
f9e036358e9ba3ccaf6072a084f17a53689a07a0e74f40547ce9459fb2ce5e0c;0;Canada;Winnipeg;CA;MB;R3C 2W7
3dd4ca6e37487fc1082f3121dfc308ec9f99ced52b664b7099c34a134f03c03d;4;Central;Livonia;US;MI;48153-7940
4ab1d3590234f16f498f2148385ac51ec0b03a3ddb70352855db374bd482e393;1;Western;Van Nuys;US;CA;91406
4431327b7e0cab0da708e74a8a623787ea18d5e274594812e96956e9b7c93e8e;4;Central;Janesville;US;WI;53547-5222
3e2fce40d57992ff49c5b739978c585bb491df322101ac7623d5ac5ccbb1a388;0;Canada;Boucherville;CA;QU;J4B 2X3
1d8ec46ac5c59fba797ba12f8a73f5d24ede29ba4473da99ace596cb472bb80d;2;Southern;Chattanooga;US;TN;37407
301f6865fd1b07a95605e5c7b2306aefe6a88c6fc882a267b57c220e8b054aa8;0;Canada;Edmonton;CA;AB;T6B 2C5
1b57b23b604855c78904a195b3922da432716d6f0e39fe7a74500909703c3079;2;Southern;Calhoun;US;LA;71225-0547
5f3701e584ffb8e148f57a81042ba1a122b8fde5f77f3a9bb558dd64940b7c0d;1;Western;Medford;US;OR;97501
f5a60b9bc90271bc903affe1b41905f25e19eeec021c4db7a5463b54e9804f71;2;Southern;Holden;US;LA;70744
c02da3d8d2dcdb762d40cbfa3abc779512ca2bfe10e861538099d7e900588a5c;2;Southern;Cramerton;US;NC;28032
d467d757e783ddf145c169d162ab123955d871884852a17d69fc8f2d0c6017b7;4;Central;Marshfield;US;WI;54449
a988f44ba2b5b311e311adf2a8b6e2e3e3b587dc431dbf267c5dcfcb6b57bd67;4;Central;Lennox;US;SD;57039
2b834349dfa3d65843f096ec5287833c53cf237094dc2af05ba612ba0d695048;2;Southern;Louisville;US;KY;40258
b90fe334b02844b2e8a11f29b9dbcbab93f6660f54564d2d3d3b842a13cf2e49;1;Western;Breckenridge;US;CO;80424
966b9c7e5ee1448c8f5d9eea7a5ba85289cb5eb68483af1a906f8befd2e24cda;4;Central;Sidney;US;NE;69160
f74255c9d3f7728f80f02474ce4d452666375a2db37287b105127eb216d3ff07;4;Central;Des Moines;US;IA;50316
8822730a2169e0aeaa41230e3a776f38fa825d403f84c1871a951438a2f50fa5;4;Central;Independence;US;MO;64055
6ed3d8aa24fb59c2a4934414ebcb1127a5677f38cb6c987c0bd2bd2543eac65c;1;Western;Rexburg;US;ID;83440
0483c4d093ee8109ccadb830ccb32f6ae05c2f809ae5c2646c943372c5697bb9;3;Northeast;Stewartsville;US;NJ;8886
69c56f6ccd5824486a8e4896348fb4a629bb741c84cd2c970198deb86e1b8d88;4;Central;Indianapolis;US;IN;46227
d96f9668179c517767d8b91c1a7bc4b985bc8700e747b8768717de53a8b6c803;4;Central;Pontiac;US;MI;48341
098bd9544020222ba6e777cdbf66c79d955d5aa151e51d8d42c8c4d20ae0858c;2;Southern;Oak Ridge;US;TN;37830
3f7b8fed411abbc3658c00fcb76711166dc8c620d29c245f87158ca9609c86dd;5;International;00-394 Warsaw;UK;"";\"\"
416dece787e0d492ea35246fd79a1c41db460e2cdadd2a4408d6e7f34530c477;1;Western;Hayward;US;CA;94541
3a61af81884102ca2e1a912a085fb3b9e142a6afc8ab200b5e2dd5a46d1ed9dd;5;International;La Paz;UK;"";\"\"
6190ab7fcb15472229f4961c246584ffef9be395dca41f00e8f4e3694bd6b4b7;4;Central;Burnsville;US;MN;55337
13c2f80dbb07ab98844837fcda696d69f108cd5e4d4201204aa93068f5e38959;5;International;112 Reyjavik;AU;"";\"\"
b448338bba04f7f687332a9fd5953a52ee8442ca7719a6a56021c3b32e305230;0;Canada;Winnipeg;CA;MB;R3C 3B3
b16653ac58b47d9054e5e8168c079defa740c928fc51d0e71437d4f8975988d3;5;International;Bogota;UK;"";\"\"
57620af68af53d5e700c916d654ba1b4641ac12871b7ae04be9ee85c8db5e2ed;1;Western;Trinity Center;US;CA;96091
2c83288e648db60bbc8751bece1dd617b32e7f0e80cdd4f600e46de5c7f951ec;3;Northeast;Mechanicsville;US;VA;23111
89631d4ddc8b3ec2042b874df6103e96f2c7194fb7a3b2e6aae4e128961de995;3;Northeast;Medford;US;MA;2155
0984d8469c1303a7d0481728601b7fa054edbc335e950807cbfe7d51cbb0f736;4;Central;Livonia;US;MI;48151
5d72537f0908784a0035e93f0f6f7d4305ea1b1942f541b8b782e2673533a507;2;Southern;Houston;US;TX;77075
60bd985158158aef88d73c9a78edafca494029234f75cebcfbfdf0105c935ee7;3;Northeast;West Sayville;US;NY;11796
aa1d4108d5f9d42e3e816e3833fcc20a23ffd8456c25e13d327d4ec02869ea23;4;Central;Attica;US;IN;47918
bcc1bf187519eb38a96d26d8559978658f4b8e5954aa475af7b41e8ef6968549;4;Central;Chicago;US;IL;60609
010c9d3efa348f50dc76844707fe6ce1b9014a85491ca8028f5063d406e302f0;2;Southern;Laurel;US;MS;39440
bc7f6e176aa39ddbb1760348f16982e38b3e4d25da97eab8ed5438645cd27350;3;Northeast;Tonawanda;US;NY;14207
e9d006ffeb35dbeded4ee811fb89adcc3eb8708cab16d999f4dda49acef2babd;3;Northeast;Exeter;US;PA;18643
aa1e095d7eca8b9bc81b6c3495d21f8d6c47cdcb5cc60e82d6595769eae84164;1;Western;Bozeman;US;MT;59715
23844f6eb0074439a7e0e7f2df355c19c1c97e5d2a8571a46ce95abccfca4d0e;5;International;2215 TC Voorhout;IR;"";\"\"
8283228761a5ff59599aefa8c1c713e3d80471b108d0bd0c4dacb92ba075b8d9;0;Canada;Anjou;CA;QU;H1V 1R4
fa88234aa41e61b6356b81545d4279b81b21eeb19afdab4dfc2c903fbae375da;4;Central;Eau Claire;US;WI;54701
2bd296d0326875980e93766427364c8519e6ec1bbfa300e73e8a1078be850337;1;Western;Casper;US;WY;82601
3943584782bd80a53b9e8e0430225cc771d1c665153227d27667176683c804aa;1;Western;Spokane;US;WA;99213-3056
547b8a5c4fcec22f29dc4c7d15c62015a675aa91dfc1461f7dc9ac6b04f368d1;1;Western;Brea;US;CA;92621
5463d54cdfe2f6f27d4e888b7c0baf673463232af17f2fed4658631cbe4db87b;2;Southern;Orlando;US;FL;32808
0207beab38e063a3f19270aafbfb18f3602f5b391d560e17e46b40c747541dd8;1;Western;Ft Collins;US;CO;80524
951e7b5fa843adeacaa98e745c03c8b1975f52f7b8c5a31315be4b3383d31f0c;5;International;Seoul;AU;"";110-793
533154935eb5cd63ce9218e1f66f8d58c5812a4ebca7fc49b59cf6e6a8187246;2;Southern;Tampa;US;FL;33619
890df0fa1a04f6c639ae8655dccdd651fbe7da0f57773ebb1d6f39ef90d22859;2;Southern;Johnson City;US;TN;37602-5418
d5356951ccfcf29ed268d5907cd7334fc5c8a0abf3d01996bdcc1d0f21cd9253;3;Northeast;North Hampton;US;NH;3862
4670ec16ff81232210ee77f6a22322dcd3ca88cdbabc7e4fd90164775dd5206a;1;Western;Salt Lake City;US;UT;84115
ec31cac35a24ece54ea8118b541e0edd2bfc645adb4fd1cb3cae6b83c48aa841;4;Central;Joliet;US;IL;60432
1637d28eb932f6343169395285485546c3a0b0dd45563dfae246d1d7795a8219;4;Central;Ham Lake;US;MN;55304
8099d26d10883080d7aca1df7e9ebb4e7bdb71690e12496a88bb552e59f01f53;1;Western;West Jordan;US;UT;84084
45f7c5bc63670c44d8551c5497d7e7f4603940221ebdecf257d40da5efca6b2e;1;Western;Sacramento;US;CA;95851-1297
1b9e92a65fb90ed9460fc7fa9c2e5e8522554cd313b504cf5614263c092d3c14;3;Northeast;Nesquehoning;US;PA;18240
233b439f62a8cadef82b4ebc25d3806b8f2d2053698476d3a78e7868422930bc;1;Western;Portland;US;OR;97217
e5ecfb1a3db97e027da5f45d440635e59c9d667c7b2616b752d0f904b67e7653;2;Southern;Whitehouse;US;TN;37188
166d0170445c198e71f4bd015884f275923e5b09a7ddbba53c9cef84237aabb0;1;Western;Anchorage;US;AK;99501
52fc472b6284f4b4e291865bd9374b41f3575049653cd5b9e4d5fbedba466462;2;Southern;Ooltewah;US;TN;37363
94bb58046b625149971d3775bcac5f1a8e8210e6a1fbd40c6ed244ae64bcbf71;2;Southern;New Orleans;US;LA;70181
1931ac0bc68313c1c77d9bad159bd5d0ea8a6bac91317770de8e8e1217bc4ddd;1;Western;Rancho Cordova;US;CA;95742
eb480bb78faef5517d95e57a6710ff48c7a719b3559ecab12a00acb63c6488c9;1;Western;Portland;US;OR;97294
243e5f2094172838c096cb16de19bcbdf4b301728a5d843fc3d440666231b0cd;5;International;Jeddah;AU;"";21424
e8686bf73a5afc1d3f6e1f994e25009e646e1b11d93da03ea9e3c45839f70c65;1;Western;Milwaukie;US;OR;97222
3f2961a216a582a31ecd03d1d23735d6dd0abe8abf08d263721b8e1a024caab9;4;Central;Elkhart;US;IN;46514
168c24f6007c312bc20e7eb06fc408e52f0bba3e88c200abc5fe6dd08ba31010;2;Southern;Creedmoor;US;NC;27522
98ebe5dda492a53759f0dbb946702b6ede5532e245013b62da77847aa727b497;2;Southern;Gretna;US;LA;70056
124b22bc20156344d16e33643ca19929090d7bc1f7544815d6bf64fca2107fd5;5;International;Santiago;UK;"";\"\"
52aac95aad6b569c87ba289cd9717a1b1c929864692fa5333afe1398ff102d2d;2;Southern;Houston;US;TX;77092
8995cb033f8b085cb479a41ed4c7ceb2c4b7947cdbfe3463faf34e594acfb32f;1;Western;Portland;US;OR;97208-3591
cdced492248af8453426aee30dca5308840241470a9f98afa3fe0fc2fe4ec52d;4;Central;Joliet;US;IL;60435
61e8537824d698c4f2c5017b4b204c40698fa43a6df0f7d7d3a3a2c8ea262cd4;2;Southern;Ormond Beach;US;FL;32176
d0d3537f08b7b55d52a6383b01831b0ca6a60beec2fb955ce04e0c42140efddb;3;Northeast;Lewiston;US;ME;4240
432b87d5decf10f24b5ea92dc0197d4b5efb44fe053dab2bdfbff9f8d24b60c5;3;Northeast;East Providence;US;RI;2914
0cd8b20ecf80ec31e5885a2262c9ceea49b02b255028918dde7e1a365ad5b9b7;0;Canada;Surrey;CA;BC;V3T 4W2
0979c9252082b0866a5b81ac58d12b37f11831f12641aeef4d6004594cc0a5d0;4;Central;Livonia;US;MI;48150
2b569e04e9bdd28002c979683c13c9c3fae1421a6ac6c1a05343e9a251fe5768;4;Central;New Hampton;US;IA;50659
504f363c08d51bd9e878baecbf6331d67c4547d0d4b6a089de8c1b00378e50b8;2;Southern;Tulsa;US;OK;74107
67218392b531e8bd73adaee097c27484267c5196c34a8206341154e0d2efee99;3;Northeast;Milesburg;US;PA;16853
7b87aa732caee621c21f97ac3fee00f2fc50a9e4aa9eb5e658b66ee3e6ef05bf;2;Southern;Spring;US;TX;77388
92b085acffa8d8005b156d35e153b2a44bacce755615a96d6e1b4c910cdab7e4;1;Western;Rancho Cordova;US;CA;95742-7316
1f9f3cedd4b9fababce4746c15f60f4885dd8524b86c51c58e8bf7d64aa4ae68;1;Western;Pocatello;US;ID;83201
b16a706fcae545f0202fa5f387f1a0b63aacd9f4f1967f511f06ccf6e299df3e;1;Western;Aurora;US;OR;97002
395de369e2cdf4f0dbf52d2c5df33f24c2f446f9a0bbdf243a3365793d502cef;4;Central;Milwaukie;US;WI;53209
8c432fcfd45dd1ac2b6b438eac45d256714109e03f84ea26848c53052f40c5c6;5;International;\"\";UK;"";\"\"
0c2f09c78d8065d0b8ae73279366f208572ac21b94f146f4d3e3df51a6d95581;4;Central;Bensonville;US;IL;60106-1119
afa07aca8392d0d7d9397343de7b9c356f2a69ecf7867b9f4853d9b81c086312;0;Canada;Valcourt;CA;QU;J0E 2L0
d78c9117baeaff806edc5e39ae8aaa74cfebd7b10d35667e42e0e0960c429df9;3;Northeast;Shady Grove;US;PA;17256-0021
61eacfbb3d7559830e495de6434277d1d11ba79ea3bec90cb51979c862695ce2;4;Central;South Bend;US;IN;46634-7005
1834f94f192ac8c182374eae56d81822d6cada62c743236ab5168b21e13432b2;4;Central;Wooster;US;OH;44691
df6433eba0b1b33f24f7175bb719e32c5b239d41eff843ef060ab72a3b95a799;3;Northeast;Fredericksburg;US;VA;22405
b29db9d70eb9f5d9d198cf6398cfbf7b5bc384e874c75396becbc948fec94b88;2;Southern;Elizabethtown;US;KY;42702-2143
c0c2625acff2da42c94ee56019a9272022499aa63547c8a20327978d30c3d96a;1;Western;Stockton;US;CA;95205
c0ffbbe2a347522316002dae7b26fed77a0b6dab132f5c576a17f808d7c6fced;4;Central;Oslo;US;MN;56744
d601b33d9803bb30b33cfb8c2fca5c1c2af492341385111c2e7dbaa191bcd169;1;Western;Costa Mesa;US;CA;92626-5555
5b88cfca19bca18d3662480b5003faf7e2e0aedb8f52447245d969de455bbffc;0;Canada;Toronto;CA;ON;M2H 3B4
5696dd78e5c75d36a0ff1bb5257d547853466f945e725c97099b12612c5fe671;0;Canada;Toronto;CA;ON;M3J 2E5
20c429cb6c017952e2ce9df4991c1454479a3d509f75abb350859a6067d19cc8;0;Canada;Edmonton;CA;AB;T6E 4N6
998019b67a54571fcf81dde0bfbe089ddb24fba63d8e4b1abda56c3da4f1c7e7;0;Canada;Surrey;CA;BC;V35-6J8
34e6ebc78a7bbd5f61e2c29cd96e1d5f38f394b4510c953df3bceb5b5f4b9c3e;0;Canada;Montreal;CA;QU;H1N 2B3
95794eaf37a9c5602db17c64a5944fcd63705c915ed396f42d13a6237ee8170e;1;Western;Phoenix;US;AZ;85034
09a1fabaac9449eac7cfb13652edb2b3f23fe8e394f97503cb2a640068081ab9;4;Central;Troy;US;MI;48083
190e42007b0b40122c99a90aee51f4e02f81ff5112329ccf3ee1ac87e15200d1;1;Western;Placentia;US;CA;92670
b44f76f86535321f6603b6733ada78f7797d5e4a77a88f882558f06d9e4e3b71;0;Canada;Surrey;CA;BC;V4N 3P8
a191a5ef9537ec0984a7a398106ef930e437e11ab0dfd0efabe893b0a35799bf;2;Southern;Houston;US;TX;77081
725be57b36b22cc250a6449eafbb728bebb874c4a679d3414c8cae47d73d4fcb;5;International;Bremen;UK;"";D-28390
748833bd0bc0f8293c70cae1baf88c328f0fd8d88079e1ec31a37fb598b0dd33;0;Canada;Ingersoll;CA;ON;N5C 4A6
2007c48ffc37da9091fd5aef6b5e9e16d130dd11f971f681f442d700a187c8ad;2;Southern;Irving;US;TX;75016-7728
34b596e32b0736aa5f2aff1e3c7ac8a2605f619c0002a335d726a292ba02f757;4;Central;Raleigh;US;IL;62977-0068
e3f861388b66847d499270917926a140517c0098db54c564d14544f7384b97ad;5;International;Seoul;AU;"";135-260
639d31bb7c0b17950a504a041a473da62cc3936472d5cbd21acd095e856d9954;4;Central;Kalamazoo;US;MI;49007
52cf033392ec375f9289c06526fb218dccac26d51711db8b851e18b566da58bb;5;International;D 95326 Kulmbach;UK;"";\"\"
c93d9b77e5d441d5535006b8aa201ba59fbe4c60becc4f4a6c0c29bed3830007;1;Western;San Marcos;US;CA;92069
9a3dbb6ef444fd8c3a8b4cc96bd8eb4b0ff246b592f0908c6de04a827ff9068b;2;Southern;Jackson;US;MS;39213
02e0e4cc23dd8bbbf6c4aa71db601b83a868026f144167eab7cc3bfc104ca183;5;International;Kilsyth;UK;"";3136
312526cce14a10d4fa6e30b871101e498679cd1532a1d89d16094878e955053c;2;Southern;Dallas;US;TX;75226
e62ef3621034c63f0a9c03572eb0175a9ced02fb4cab7f2b6b52568c2077bdd9;2;Southern;Savannah;US;GA;31403
bc5f9c5c1ba22938f44def3e715e0efc607bc7d8c5bc05704bb38be14130aabb;0;Canada;Mississauga;CA;ON;L4V 1B3
0f8e5b61b309df52768b1859187c5b3d25768df681e427028beab40ef646f11b;4;Central;Springfield;US;MO;65898
f40084295e485dd1d2decdb1e6538c71f39d443964c5d350f3d1701ce6731d01;5;International;ZI 1 Ducos;IR;"";\"\"
f6bd5a1c4948ba983ae092832690fee7e6747c43bd108f99411c4dd3b4955ba9;2;Southern;Mobile;US;AL;36619
0495f3c8ff8a07242db073416f0a309427af13853e5c1ca35804a12373a54900;2;Southern;Longview;US;TX;75608
2808e8ea1326b05cc5092b394ac7e8e16e079d6a7ac821acc26fdb148b82a077;1;Western;Libby;US;MT;59923
ffe9cab7f7a405db7850f39e77baad1269e05b846cdbad731ef83a4f5cedf902;4;Central;Milwaukie;US;WI;53225
8cad8572ab419d9061c8ef9e121231d17544e3c42bd08f50b54237e2c379a124;5;International;Jeddah;AU;"";11443
98a2154b5a5f22863e0a5a815a8ee1447ccb2c148c8831c4d2e123386cbb7e02;2;Southern;Pearl;US;MS;39209
8f1750b9a5e61717579d6243f2eb25be90ef80a1ba32fbc27ff5eb04bc21c65c;2;Southern;Springhill;US;LA;71075
064a479cba2b09fe180f825129252b5eeada0eb681f490bc7eeabd6db2a6d6a5;3;Northeast;Wells;US;ME;4090
bc0b28fb444eb4bb38c23d107881c6c47f4a39d79be751827a8b33db28ae180a;2;Southern;Birmingham;US;AL;35244
f9ce1a1612445cf0e60c508164593f23285063953511abbc1166b17449164e2b;4;Central;Brookfield;US;WI;53008
7018fdbc1e12003850b408611e3dea1b93645bc49fca59d6a9dac8111fb8218a;2;Southern;Tulsa;US;OK;74158-2510
f1411b3627f8e3c7a42edf287e3b201b200f888c7fd83212f7615984beb818bb;1;Western;Anchorage;US;AK;99518
44146afde20f5a504c60fa89cc6672470ae9f7e93cc05992aa5c0cc9f2fbad4f;4;Central;Newport;US;MI;O
b21ab55c375b8d6cc4c1ceee82f026742f0891944a1d735f115eacadd09d5618;1;Western;Oakland;US;CA;94621
275300f204f94158818c3b0b348e1c7e42706d3a104bd786f7ba955da309e64d;5;International;West Midlands;UK;"";DY9 8HS
c41f9009d06bb8bcd8beff8a3728a3ada9f0b9e285dadf8d17915e0e3a277534;5;International;Valencia;UK;"";\"\"
78f3459138a3227a7c6e60b8e1f5725d6a564ebea4a707f7203442410b44d8c7;0;Canada;Moncton;CA;NB;E1E 1H5
9fb000c0f9275290bb7db89b1b99463f2932056ca5cef1b93256a9eb974f4fc0;2;Southern;Oklahoma City;US;OK;73128
fe81d7c8d211a658192b449165458d7616b3a8fd870ddc0b1879a9f427a443e3;1;Western;Salt Lake City;US;UT;84126
5b91b4daf4f5a330a24e7d327c5be217ee4b686831c6f569a3f8df0016c79f3c;5;International;Guadalajara Jal Mexico;IR;"";44530
3591b99a50df6084d8ee45f0dc8c0a381cb7b3231707b51a1798002da5aa6373;4;Central;MOLINE;US;IL;61266-8808
8855ed3b44e530e07e1101868e16eebccf87fa5a3717d298dd42fb5d49fd6cea;2;Southern;Hialeah;US;FL;33014
755b3a9aaa6d67b352886cd8625c944f3aaf2a7d03737eb6865ec13a4c0187e8;4;Central;Evansville;US;IN;47716-5364
78f683347b15209c4ccd5a33d0c45f29e99169156c2462fd5c263235ec1029e8;5;International;Industriestrasse 17;UK;"";\"\"
6e3f2a68be2f28a20440e47e6b91f0c8968f41a1765c7556d9ee8bcd0b9a870b;3;Northeast;Framingham;US;MA;1702
d18bfdd7235b17feb21725d754a8f642a214f97065aa5fa53690c2537e4abb86;5;International;1980 Santiago;UK;"";\"\"
f4a4cb7d081198aab83fedfe89c54fa549a3c379ca5f8d7c56600f5bf7212c4c;2;Southern;Shreveport;US;LA;71130
1ad934a5d9dc7dbca4c9c8c871a27a9e23e297b00c45478755b3f8dedd5152c6;4;Central;Kansas City;US;KS;66105
3762cc3f89fa63daa6eb951d31b0ad3a7f5aeddb692cc9575f52275e723ee17e;5;International;Istanbul;AU;"";80090
27aa499680c84d7f0e7f29c671ee2fbab55effb8326bc8cf0045fbbdf8850b28;4;Central;Overland Park;US;KS;66282-2990
e67d4bb290cb5026977b70ffbbed8ea0dca567c6ec50980300bb9c459e8cfb91;0;Canada;Surrey;CA;BC;V3S-2A7
cf74a243a89055d9f9c26474ed0c3077474bbda008681a818489718e2a07eb08;1;Western;Phoenix;US;AZ;85036-1502
d2ed9358716105b42b4a8499eb05023c4f329bec1e21e0abe69361676718f2c1;3;Northeast;Roanoke;US;VA;24001
21651767af859a24df01ef07532e580ebafa9a1540b9b1cbd47a9c4985349704;2;Southern;Montgomery;US;AL;36117
630d37a234d123520dcbcfcdb379bb105bdaeff2799d6fe21e864199ef1b7e17;3;Northeast;Morgantown;US;WV;26505
1fc439b193084da7c6ffed3dc78dc04428b7fdd66572e68c6f4f9429816651c8;1;Western;Tigard;US;OR;97224
2826bb90e8f124561d855e0157d40d800fc777ed19484164d4dde9b445b0ffbe;2;Southern;Fort Worth;US;TX;76177
41fed264032e57c74f67b491afc992b421c1459ebbcee2cc5b926f1dd74bbd4e;0;Canada;Winnepeg;CA;MB;R2R 1V2
d382f401cb5b40e69723b70dd5c4536fc82b2cade4bbe1ee919ce586193aa038;3;Northeast;Petersburg;US;VA;23803
e9b486f9bdb9711b76fb98e41d9ee482949fb21a88e0218a5d62950d10459dbe;2;Southern;Fort Smith;US;AR;72902-0849
1b69c1c2b9f3ba7bdec29f106eda90b551ae5df9dc485361ff54083b1d64fa4d;2;Southern;Beaumont;US;TX;77704
6b3efb565f242a4873373570de7c8764cd8804fc2e6dc8a74ecbc5ed01d38805;4;Central;McHenry;US;IL;60050
1bd6c52a6c48ee44105a983bb2c8c0eb204b0d7a3954aaa951935e0788b0c4f3;0;Canada;Montreal;CA;QU;H3S 2T4
ba20e6e5977af2a86f68d4de1e6e33a09374115040da139ce1e84d97c23c72d4;5;International;Ruwi;IR;"";\"\"
e14a90753362c8ad5de5330001fc9c15b64e43f1ef5cdc4498b8124a9ade35b1;4;Central;Rapid City;US;SD;57709
33f11d63763b17b4b1dfb64cbae6777680bdc602e0a532360f3a3858cd1b492e;4;Central;Kansas City;US;MO;64139-1538
fb8782ac1ac44db348ec38885fe1fb5d6a0395648bd61bc3e15ab06a94161b83;5;International;Beijing 100088;UK;"";\"\"
46c9f312b792cd786fd8bd9b365e947334a8b3187f191c393d64b7ee3bcccb86;4;Central;Pocahontas;US;IA;50574
a9e6621d1932f7cfb286cd2ca36418f66087fdc107cf00f701558a93eb0043aa;4;Central;Columbiana;US;OH;44408
78dc33c6293c96744b5db72d6e3ebd603203a65abf9b2a423136f02a77bf9c18;4;Central;Dearborn;US;MI;48121
540089ea0c30734f06c7a904dbd0e3ae6d2fa7a0e1dd79684d1bd60a85211c64;4;Central;Hazelwood;US;MO;63042
5c728ba8f0021cb7125129d393cfa98a8f2db1e0b1ba63b8b3dc8b7393b2e487;1;Western;Albany;US;OR;97321
f096620af35207f5961b72072ef348a563addcfe005097c6985de9bc3095f1c0;2;Southern;Brookhaven;US;MS;39601
6b5d07d34d3fd620a37c0de171daf5755db2b1f13557e3f87674204490aab41d;3;Northeast;Milton;US;PA;17847
be29f7848979d5b9a277ee1784b831aa2ba3391008c0812e566a7034e8083e23;1;Western;San Diego;US;CA;92102
cae7b183b7852e7b1334ecebbd84c05ce5ecc650d8175b09a22f1f3c4e7274cd;5;International;Sao Paulo;UK;"";5052
2806cd1933db5d381aa0cb4df5996abfd8ad3a3efce7ba50fece891f70f4cbe3;4;Central;Shawano;US;WI;54166
45085715997890670312ac94a8dee4840fd22b59dddcdd68f1bc1dc8db4c254f;2;Southern;Olive Branch;US;MS;38654-3703
46427437c349b5e1058a603f35b5bd122f9997c5f1d09d60eed54258d754586b;1;Western;Puyallup;US;WA;98373
4720ea2254d709d04a6f923b57ae4032f57b6227cd3ef6a9486f14667c4a2ea4;5;International;Sollinge Molle;UK;"";\"\"
78c8f526503a1b856d874aff5e3d51ff9944b6926d36e1daae335e0c7ab37e79;4;Central;St Joseph;US;MO;64507-9799
30d687c2baa00b69fc693046ec86211a85b47681c16e42281c396c2d626d237e;4;Central;Hammond;US;IN;46323
4094bf02c5b2b1ee48af5706038a0e157df25a0a2b751735530e6f3635c202e2;4;Central;Coldwater;US;MI;49036
b65c87e3a459f87dcfde470e84a3fe3f38f3fc5b30d5b1dfb93ac19d26c9d511;4;Central;Mitchell;US;SD;57301-7064
ea4cc5fcc7c5e0330b761bb2d9c98daa4642d399fa43cf90efd83c87365d28f9;0;Canada;Edmonton;CA;AB;T5V 1C7
a9cba93e5262a8322e831541902e58733360da5666f5f8ac87b3a549942fd7ef;2;Southern;Jasper;US;TX;75951
2d848035c7f83f8c1f946d44bbdfb60df93f20e2d78a65825fb434c023fad0a4;5;International;Hamamatsu City;AU;"";432-8611
cad8df81b7f30f75e590db430031f3dba4db5f647d973ac4ff03de08e6387481;5;International;Songtan SI;AU;"";459-050
a85c3606579ee77f90ce1ee186a0f8eb4f26a9bcfa1fcf7f111d22609b6e221b;0;Canada;Calgary;CA;AB;T2E 6Z2
b163831ebea8c555a95aac7719f2baac7c2853d04eeca20878c505913e11197d;4;Central;Wayne;US;MI;48184
9e6c43b1a30bf7cdb3dc0ed56f243fef5d120158c9a424e7bbd26e2b0c9e7241;2;Southern;Miami;US;FL;33122
2d496941c67e58ca44432c9a6d65b8ef3faf6ed73d27b715e57f648f82ee9498;1;Western;Beaverton;US;OR;97008
707f19c4e718794f029258a549c17a744da16fe94b296470fb838a28ff0af50d;4;Central;New Castle;US;IN;47362
335d9bc3fac3b85a527aebc1f65398f69140452b05445f2334cf0dd2de69d800;4;Central;Plainfield;US;IN;46168-0600
d1761447cb8e95a22b1fccffd5ec8b176edab3e8c1e87b1e994425604bf5dc90;0;Canada;Winnepeg;CA;MB;R2X 2X9
c943bacb809e51c3fc26e71ea5beafc838d5d1399c945bf56d080e10a44a457d;2;Southern;Clemson;US;SC;29633
6874ec16c2b354909f9a95eb94a75207ace33bf7ff143de77de40c7f38634f2c;4;Central;Akron;US;OH;44312
cf252d07acf70e56eab1d2cb43c4b6e76a6f1b3027d453671e2e90947f4b78c5;2;Southern;Baton Rouge;US;LA;70815
d9efe161f6395f9efe8462bc1a5e6dbe26345cc9a70368e5188e96afc6b6a026;4;Central;Eagan;US;MN;55121
ef9e91f3befd8a46f2c6ca25521a9e101ab2978e9e25857fdb3fb24da9570188;1;Western;Tigard;US;OR;97223
5a16c8b1b905846ac44deb43f1ad4456e45afd32e60534eac43ec43ded1982fb;4;Central;Cincinnati;US;OH;45241
b4625c670f795c688d23eae881ee162b35aaef8dea08eb1015f807a85055431b;0;Canada;Prince George;CA;BC;V2N 1V6
277ab51bb24c0f58da6a4523814af893ab94c54ec881126dcca48c8574c88985;2;Southern;Augusta;US;GA;30917-4658
80e1586bb0e5c9abda6cd20b6b7febd549ff784abcdb2a5e1be0d4ede7f15cf6;4;Central;Moline;US;IL;61266-8808
8f1476583434895ca14a31ddcbfd01543d81d2c371199d85b7650c9b066c69c1;4;Central;Ottawa;US;KS;66067-3805
b186bc587630f43f3bda6a2471406524235940264f1c290c1436affd2e977683;4;Central;St. Cloud;US;MN;56304
3f24724ebe06cacd31de27a24488bb6f1eeeb4128630814ce8fd10430785f5b5;5;International;FIN 00710;UK;"";710
973cde84e856af24059322f9fd306ee0a5d69cb85e60c332d8ac33e6e0f8aa4c;2;Southern;Atlanta;US;GA;30325-0858
5af8ced7beab9125ecc0f6fc14c2aa60be478b5a1112ae971ac5bf5022c52491;3;Northeast;Fairview;US;NJ;7022
726b12ad4e2d14064bba9e114344e87546ca52fb04f75ac19d0b3f81cc02c921;5;International;Carcas;UK;"";\"\"
a08748cd3af0f724c4ccc60c2aac0e54c881696b5248d11d08749ae13f7c787c;1;Western;Billings;US;MT;59101
a4539c4f82f0e0c4c40ffd907ff684a3e330de4902ea1712c671752cd1785078;4;Central;Grand Rapids;US;MN;55744
fd3612e8e5e1517d019ba245b8401772432b803204fc02e2ff4a40d01046aa71;2;Southern;Tulsa;US;OK;74101-3445
2caed35b7ab83862527c16129d5469702cd2d4a2fb3b4222f0274407e7f33941;1;Western;Tuscon;US;AZ;85713
b21b61cc5bb38d65d6a01e5e05242d120b4257a752a1517756b7bca33c41b5c4;2;Southern;Alexandria;US;KY;41001
5426ee65c9bf22bb37f577a6004f236b3d4ee19a9fa217a6a753a7225f2dbdc7;2;Southern;Dallas;US;TX;75238
5efff09a3af2673d5f3f884faa292ecb9cce9373736eb7ebee293752d6ca371a;3;Northeast;Somerset;US;NJ;08873-6750
63dc69c36bce4f85e4cefbb6e50e08b83b0aee1c92277b5be8b628aba99d75cb;2;Southern;Smyrna;US;TN;37167
71d592939295d346fc79fd5170e81ab032a0531bbd6f8c089f73a370abd9caee;3;Northeast;Mercer;US;PA;16137
b70bdd7e04608b9cd73287d2955afef0711e298c8e9d002279b5db9177409623;5;International;\"\";AU;"";\"\"
e19394a990884843389f0200d1dc81eee3005ffe0dce373db3456c5c1216f5c6;5;International;Santa Cruz;UK;"";\"\"
6d47f73191b85cfbc2e901f4811e8d34211f4b56be7958dff6c0b2b3e99555c9;0;Canada;Edmonton;CA;AB;T6E 0B2
771449ac8ac792fcc605ff6dc19f1b133742e77052f643cb80f2161fb407b1fe;2;Southern;Charlotte;US;NC;28236
f2baf0eae6fb2ce753a9a94eef599047b9c5fb16701adf8bf595ffb80e6cd15e;2;Southern;Miami;US;FL;33147
bffa40bfadfafc5df84b4a59492ebed7431090fe901320e70cda91f9401e4a8d;2;Southern;Saginaw;US;AL;35137
c4d856cd18c7fe36178a82f6da46df4d27fd0c54ba75fc795b8ad297137b5796;2;Southern;Tupelo;US;MS;38803-2187
20ac9ada27dfee794a89ed0698f9aff65fb7399d811e797c4025c7ac95841769;4;Central;Warren;US;MI;48091-2991
4e0a20ce15b4a728ee3d9d480c8c58d6d436e2f3bbed36436715769e392e0a09;2;Southern;Tulsa;US;OK;74115
49ab94cf8751c2b5beb8896605de866c9d1837ce3c372d91ffaed68675fb6210;4;Central;Depere;US;WI;54115
758de3a8afc47ec0f221f6b04fd5696e523921990289a5d7692ad41d43d1e621;4;Central;Des Moines;US;IA;50316-0283
5524dac5bef1885abebe67f780ad6f54b10c1f718bdbc59d8ee820cd55ae74b5;2;Southern;Miami;US;FL;33126
b6597248bbbd878da55de3cebef8c926fe62de7f5d405caee80d145e6755ec96;4;Central;Cape Girardeau;US;MO;63702
dafce69631c23d637664ebacb8a0d8976e53affc0006772bfaac2c423d19ddb3;3;Northeast;Bedford Hills;US;NY;10507
96164283f2bfd6dc80b7fa2cad004669e35e633f777e7488dc24bec1ed0d27a7;3;Northeast;Manassas;US;VA;20109
1c23a4a4342aeb32f597c2b73e906d6f9e84e6f9fdeda661b9909521f22d8b66;5;International;Quito;UK;"";\"\"
d5db58ab7439a392010db19a6143e72e8227cad26b5ee22b9e8cc2f4c32e1998;5;International;Cali;UK;"";\"\"
9fef899e44806266d481c5a6f508ce954ad3671c72270a831a51647f9bbaf53d;2;Southern;Cleveland;US;MS;38732-0899
8fd0e2a433670431596adee7e355f1065936d553a5f1adb75473cb54512a0421;5;International;Tokyo 171;AU;"";\"\"
f05e8e8ab5d52ea54eb6f43da141eb2942517f96b57fdc4a1bbdf6b1b79602f6;1;Western;Redding;US;CA;96002
2fd6251d65fa54e237b9f9aa889ce37b32937c953598f9dbcec703928a882c3f;2;Southern;Charlotte;US;NC;28213
fc02de474b2c596c2ed54d7c9e9fb9bb446c816398a0e007710a3cf9929444f9;3;Northeast;Buffalo;US;NY;14206
70c096496c657af0ffdde8d1ee0f72ac305b8cfc19b843d06051070777e3b652;2;Southern;Little Rock;US;AR;72209
371fb9c75fb0d548f682ff75a1fe878eddf9b6ba95283a10a2b1b3850a63fc95;0;Canada;Fort Macleod;CA;AB;T0L 0Z0
c2238a042a0bee662d5c2aeebc7805b6d239ab213c30c09d0056a56df5622c7b;4;Central;Highland;US;IL;62249
5f76a82ae061d8f57191b669e917bb34fa43af5a56753ffacb20a1020e1c7884;1;Western;El Cajon;US;CA;92020
d1329c2943ec9dd3b1b0be1f92285069173bf36f73dc65f7fd0592beebd4714e;3;Northeast;Elma;US;NY;14059
1dd85c39624643919397c7c6ca2619f325447371cbb30ad62d2a651d44e92838;4;Central;Sioux Center;US;IA;51250
d3e5bc04fd42c794b07db0b8b7874cc30dd915c4cb408e8fb11b586cd0d84e78;4;Central;Monroe;US;WI;53566
d7f6ecb4481386e7f4620ad9ec6a1ce6d7c7040f8a64e68047ffa24b9abc7360;5;International;Dubai;UK;"";\"\"
7e0d8ba7eed5f6f4cfa56937dd85ee14242b77edf1d582be0ce0dc205295df1f;1;Western;Auburn;US;WA;98001
e8445fd2f34b5a47eb7746309f093d70bb352757ab6c1b9101cf1b25c082ed8c;3;Northeast;Pittsburgh;US;PA;15238
50f52648146475962adba852872407316d3d23bd95d0b02455471725e94d9525;2;Southern;Lake Hamilton;US;FL;33851
eaf024e41ca810a2fef572a378cc9eee4868621324e27c0929d7da27edf08d7b;1;Western;Kent;US;WA;98032
