PK_CLIENTE;ID_CLIENTE;TIPO_CLIENTE;TELEFONE
5a8500599e3dfe34316b8d82298531d5363f172f862b2c9789848eda6a5d8b88;10025251;G2;816-455-8733
dc08bfb79ff38c00b736d9507aca333d0c60b569791ff4bfb2185bcfa584f136;10002153;G2;816-455-8733
6dddf0661eb51d6c01246467238c3bf0880e813816d8687529accff4808f76d6;10002155;G1;816-455-8733
6a45cd828bb130a6a4081a1edb3bbe3b288d7ad01439b079b5ccef2099113fa3;10022450;G2;816-455-8733
aff8b29c6cf2ce740bc2f9cc13b6e3461db9238b3aeb422707d16ac5469b4a31;10022490;G2;816-455-8733
abd620db92395a1dae239130876d578e24de71874f18c1c3d32227120dd6c8fd;10009985;G2;816-455-8733
c463103909185ea26c839a1c280e4eb7368e0f2c278463d7a72dfa74c8f2db42;10013079;G2;816-455-8733
c28aa3a3cfe7e1619c09eaf1a84b80035bd35970f97c4a1cf90286d9f5a163cd;10019512;G2;816-455-8733
eab30e02f4d20cbeb942475b174aa2e2b7c1a11c2bf0b58505ed13eff606e9a5;10020192;G2;816-455-8733
7f15647be48645104feab6a0a71215663680ec65b5b51c7302e592b351ae2aff;10021470;G2;816-455-8733
ea423c668b85dddc054d24239fbcf076ff40f3127600a014ad8b1a6eacad4780;10025299;G3;816-455-8733
81d56186cf2e26264b331641d13e825e18e42300b6a0b14841eb36b18f00d802;10027370;G1;816-455-8733
b03f5cd015254b0231127059a3694542c85f0bcb0e99e07d1cb6d9c07065fc8f;10027560;G2;816-455-8733
1afa924f3a034b0ff024d2c2f5f66b68f66b2f5d319558fb1cfaaaf2b10245f6;10023241;G2;816-455-8733
654258772856354ba76da04ad3f359ec626abd0d3b08242972f8bc3209f9688b;10007117;G1;816-455-8733
31167725ad9217edc33110c6202d0436975b0e0bc5d11eda2586e8307d3a1081;10020340;G2;816-455-8733
7cff647c6503e66cea798f3278f696f77744fee43ac7def647308213c1c6d298;10021297;G2;816-455-8733
06d1e6724902ba1638b48c58f9d3ced5e6de019d4191894db23adae72c67ee5c;10026291;G2;816-455-8733
bfa31dc15c0b4be776ee00e3aa33985fa23556809fc8113c3c5cf8302f36a4ab;10000472;G2;816-455-8733
d955273f9f6e3df7e509ebe03c06c8b9b6134968a0355df979442866a2957647;10008893;G2;816-455-8733
fb96270e06fa212eeb8ce966e9ae76b1db98600046b3d9bb4861781c0d989b0c;10009863;G1;816-455-8733
055ba2d796953d4c25bff1803dde97cba26fbd208c012184f7ae5996c7e74a8d;10012158;G2;816-455-8733
b23dee60377f7b0d56a7eba55db9883de9d077db87f2ebd5bcdc9d5a49d07d23;10021006;G2;816-455-8733
3dca348c5bf96ffe2d7a89e28dde3ef76ec3430ed517a3e3d4c093cf1459bf4e;10023778;G2;816-455-8733
db39022e6e1cf076c48ead34122afc06da97697c3d1a79ef7bc54fc7ef78efa6;10007355;G2;816-455-8733
b8c085a1e44b91d23f7637a7ed8c57eac51373af4aa59dac8039c64ade5167a1;10013538;G2;816-455-8733
0bc80a41382ffcaaab14d4706b58001f4d65a6ce86abc866b67fca3f6dfae080;10002240;G2;816-455-8733
b436e24ef86cb9fd7f3441e9f86d8771990249ec4c8ddff24192075e5f2cca47;10009156;G2;816-455-8733
c3d61bd652d1f3461c3c1db30c5b7a9fdbb6fbe320907c14a95f1049c5150f6b;10012369;G2;816-455-8733
b2d2200fc11a0ce3c8101d20b91ec894b179951f4bc149c549ff0f461e534442;10021270;G2;816-455-8733
b655db9659e42299d658655b8c86f4c607e5d4ad47525508a83df432d22dc0dd;10022456;G2;816-455-8733
b41a3f250d5de527e403a966887a56b2d330f8875a078ae623b627f03f0de045;10023760;G2;816-455-8733
cf93a8908b4f5898d53cd4dc0469e0bcf442110b483f2137001201eda745ed51;10005043;G1;816-455-8733
3b5f88991bca6e79157c39b9cee06973a6b4ddbe1a6052063354c2b8af10fbaf;10019109;G2;816-455-8733
b2a7196792d6e396791b4249a18770c9ff439e7c22e17f13a96cb4f4846aedcf;10023489;G2;816-455-8733
1278217909b24d40b60b96b6e0a2b0d21145f816541d150a180ee30483371c31;10006919;G1;816-455-8733
4741c41f8ce8d7d281b577ad06891fd99ad2d17b29db93967b1285472a458bee;10012023;G3;816-455-8733
4ecef3a3d1f4c7097f9c4bb6dd5eeb0ffb70569934d38e821c51702de7e6508c;10015030;G2;816-455-8733
8f7be7565ba1e3fcd2152142e075b8cce87ffa8167c31b8dce1523cafc43babe;10018871;G2;816-455-8733
8415bc0ae2d3d404ff4242c7a8aea767c7e937bb65d0c9b198e69bc8bab55b69;10024918;G2;816-455-8733
18bceded0d664d4d27dac959eab83976ee46e13a6e35f9939937f600bb88062d;10027572;G2;816-455-8733
826b71f46797f38416995f0ed7eb45ebf61c351906c2259a7b825450848529d5;10016549;G2;816-455-8733
f501ed2d9522d1f02ed34385200b4c9026f65e24dab0e79c39bc26bf57e7cd79;10020849;G2;816-455-8733
63b834305672685d61946177e2bee0d9faae3c11ee38429796b738446169bdea;10025467;G2;816-455-8733
7eba520e82246cef76ecefcfc97ff0be32574299d9d139e70829915ea429c205;10025808;G2;816-455-8733
eb901fa3f4324d8b3c3411972dc3ab3cce65306baa624f01ea54df4f481b3b30;10002150;G2;816-455-8733
19d677198e07b8eb9c72724db335cdcc8c870a4ce50988e4a01f3eaf39e9819c;10002506;G2;816-455-8733
18ccc2cf4587a6a43b52e75e03a2c2958137fa6f972379cd10ab76702a38117b;10011546;G2;816-455-8733
3e3369f2040cd3c61a4ef9c1eb017a0365f7a9be1ded518a89f01e1943f09c10;10022201;G1;816-455-8733
824d4c6c84dba037ab5da9e734a3aed54d6079c24c9c88362505f675c98a8de2;10000466;G2;816-455-8733
04101de12f334c2cb3312ba6e918d5d266194219f2239291ddec0b8ba4058841;10014469;G2;816-455-8733
56082d3a1d4559acec52c2ced5b8a2ea1c327efbfa305e644ff788b35ced797d;10020332;G2;816-455-8733
0b706aa742e1f73b2bd55d2756e8b32326c24772683b743012789814c0b5707d;10024006;G2;816-455-8733
9b39e54b8afd8b2ddb4b543bfde3cabe21ec2e32f54ac069e60608a2d12593f6;10024999;G2;816-455-8733
085fe6cf49c08c0527ed041f5c68bb9bbf64bdddc2fce2b2b78861808c3301cc;10017290;G1;816-455-8733
1793249a3720f771bee2308e406822b50d2d71e48ac75d4c959d73e7b5b130ae;10018890;G2;816-455-8733
26723792c5b3f4e2935f22f27ed7952ac447347ca1f2379e34c11bd3fe20b3e3;10021232;G2;816-455-8733
9b8008dbe18cf4d191f1a2d2375dc7bb2cb345de1c00734297756a957d8241ee;10025392;G2;816-455-8733
aeded426ae8afa957c62ff93f2497841f9a6f85fdf33eb553d169d6df0579570;10011355;G2;816-455-8733
c597f35b53658ca96efc449b39b1d82b4b7ed1e7c6aaa50547f40c190c13ccc9;10015011;G1;816-455-8733
4b94707f1f3e76c3e157dea84c6a3698aa9cb8dcab77b0f2d1cbd099d2b23d4c;10021380;G2;816-455-8733
2a787afe8b27b3a51bc734a1dbf252236de1279256d8dbfe357a80844bb89093;10026348;G2;816-455-8733
3c79654e1955f2b14407f583b36d9cd7fb14adbf568e5904ef3705607d1fdf2e;10026839;G2;816-455-8733
1f1ac6a77e341d487eb8d827dd7461c40f3259da8bddc18e92a4c8df10db3a26;10006977;G2;816-455-8733
d650b2197028e9abb20f896b9885c6119abcc6d2528e335ccfa2a2e1a4d73bdb;10021302;G2;816-455-8733
cb382804c1bd82d54bbc5fa68917c98da185695b4bf814bc07ef73ea8b6ecfe9;10009660;G2;816-455-8733
0eaf78d0bdc3a045bede3fc724818b69bde635f5735b5d8a88c51c356d8318fa;10026062;G2;816-455-8733
30d57ca85a0d6fce2bbac5152fe4652b9c8258d11da111b755bd4476ff16a14f;10000469;G3;816-455-8733
456b50eedbad996f86bcf51a667153a5fd57e9f9b9db4ba8a2085cee359375f7;10006862;G2;816-455-8733
59715e514b4bd0061e80ab4c9bbf2738da84cb880f5dcc868e0ea9d0d1e951f0;10014047;G2;816-455-8733
3ff65119fd2358bebabde681c8ba94d89272b2c6c36e28286c44f8305f85f58e;10022725;G2;816-455-8733
1929e16179ab97199ca422b51e42c706cf0e07359ec5f36314d6277ed1f70648;10023511;G1;816-455-8733
22392db3629d9655fb3de137f451b19a8f1c8fa665ae9e9e8462d7392a783b55;10024270;G2;816-455-8733
9dfd37b7a4d6c8cee89c4811dc2d18979ff4d7521a86551348970967c69a275b;10025418;G2;816-455-8733
0209f3b342bc81a9c863896dffdcbf7e938bcbe2442c7968552c11dee160218c;10009356;G2;816-455-8733
b6fa17dbb2d18ffbd3b0abb0f3783086d186bd0f0f248b4c850eedeb0d9d4c42;10009650;G1;816-455-8733
b44b0b2234c0d80b6514fabe92b8e39d402cea0ef31f31290ad7965fa70922f9;10022444;G2;816-455-8733
530f91ac893fc88c5167386464b49fae37b55963506e4f18353dc944802c805d;10000486;G2;816-455-8733
801a1853a8f26dc45e69a1cb566824484db5a17ad98086e6776e15823e46176b;10011870;G2;816-455-8733
68f930659fed22066415a90ab891660b55bdf95f9d5346199813f1c4da29c5db;10020927;G2;816-455-8733
2afe2d93ae413385b93394ec210a4feaa641b1518e3cbeff57321ac583bc5d4f;10024924;G1;816-455-8733
3198958e4c891df05dd0f23a3e189eb8af9e416e3ac32b6bc9418b5ca46e10c0;10026843;G2;816-455-8733
b7a69a3175383cad11cc5033aa7c98315a0ae19eb9206891b405cf020f052b75;10019066;G2;816-455-8733
acaf405579e88005fc4689bcc377710b31f1c3520807e626b5ab8c5b5c925cfa;10027629;G2;816-455-8733
141a7e387f012b348628063d450fcb89d2515d578609387b81ec44b722b1020b;10013011;G1;816-455-8733
785b2d95299bf042c4a0c2aaf26964e25bb1adba911c93dcec49fcfece3d4051;10021472;G3;816-455-8733
f88e2589aef983f5946ef4e8ead1ab2437c6b2daaa7a76361b0f101d8d8d00b6;10023003;G2;816-455-8733
0beb04f6b007ba29495f409bb48fb8c6cb974bb0789a2a00e51c4182e7cf7064;10025242;G1;816-455-8733
d7a0f1db96813c1aef6d2a79dc32d79f24139b6c81d82a9414ea0f44a1c92ba0;10003795;G2;816-455-8733
1ddfa68b87e7f0b3fc7df888d0e8de03affcdb3eff2bad7b37a5cb469d344baf;10018603;G1;816-455-8733
50b9472c2a2c9a639d9ef6998dd589c80120d393c11457112083d8b644d02e18;10018644;G2;816-455-8733
a60b3b73415063e6af434b9675323a07ae4b4a55e28f46b2485b0ce67ab74f3d;10019952;G2;816-455-8733
4d0e77781d638aef30b3a97037fb3f534d457ea157690de50b35eafdf8f8ac64;10021485;G2;816-455-8733
de5ff4bcdacc36a7e80cfa8d558403ca6d5c535fe9f948b4131b5f5abe668a1b;10022168;G2;816-455-8733
ba3b71d0f96e69f9281f8f90611298691dc88a52c91f8fad4f5fa5fa5fa7c027;10025359;G2;816-455-8733
e4f7edb6de2c49a37931952c6f6d84897e12bc29d2ffb8282348f7439a3c1637;10012161;G2;816-455-8733
9c3917aac5129ba0b3c1d29b36d894a3e0248f64b40c07e02ee3aa22e09d12f6;10019388;G2;816-455-8733
78de9e2fff3931061fee5ce40aa5f2ea47ac87be831f730b47ceba8f2da93269;10019783;G1;816-455-8733
4130f71900f4a7ff6b1cbce3e9f43d2495c8aae1a3e187010814c2b89b0150ef;10023783;G2;816-455-8733
fff417c83a91ae085e2e65421cc92a2fe6c9dde1e8eb0219272dc01423b6319e;10024541;G2;816-455-8733
2a655d018379e5bb99773a08baa333380857222cb426cf8072851e5166464259;10009907;G2;816-455-8733
c1b57ae43502e603f61e28f527be1ff378daaf4c49c730490e0a01b2377a4d5b;10020239;G2;816-455-8733
04772c47890215a3553a7bf83f963a44131b4e4a5c179c1beaddee0dc43052d9;10020914;G2;816-455-8733
bedf25c33d5d56ac9e92084a0ce191bb59abc53d44bb1513e7d5bed065190890;10000453;G1;816-455-8733
c7198ddfafc19f4b2e624b7161765a011802befedcbcf9eefde1a3c3e2aea26b;10006093;G2;816-455-8733
b7648c79a16577be2aa15f27379aaf87986e9233a3adc6c87764106a59494d30;10007468;G2;816-455-8733
1b0a719179103ef6448d9533714c1cf5c30d732ab3cdf8aa24e2104d8fe58200;10011360;G2;816-455-8733
02ec7b4bcc6d28d4fca8e298365de3d9052d1be7c83cba66eb35b598c031fdec;10012235;G3;816-455-8733
a75a8768138a89f12bf5fade1849a580ca99533ceeae840eb41443180cc22a48;10020715;G1;816-455-8733
9c3d759b125d4c877b0d177306cde31055f16f68ba6a37da5d1c60ddbb598e77;10021459;G2;816-455-8733
3da75659bb2940ce522cab3aef2844ed02db86109d1224456d47b55a89dc410d;10021750;G2;816-455-8733
44e5167d6d2b3c5ddd89300c13856ae5aa0c96a6398877d55eadb968b1042c85;10022167;G1;816-455-8733
c518e8d91cec1d195133bf3a564d905bfd95c34fc0e6fbffabd0f4de263376c7;10020323;G1;816-455-8733
c87dcd05591bf45c4fcbe3741e2ca1bd45b21716d7a3ed3f71c8b079c93ff159;10021936;G2;816-455-8733
ca0e4f1f0c192f8742abc60b4fcb77d7d918d105b625e04e971bea665b2a9197;10026522;G2;816-455-8733
0870481f8ce2a2793ae6244235b9b85ec3663dddffc80ef8c6632d95850da009;10011198;G2;816-455-8733
b71b211bc6f8ffdf2964ee2e204ef405f64c7420aa14f42a98cbff29bc719d86;10013870;G2;816-455-8733
3260935783bedefea08cb66d01e1ad423d0e6ff92eba2ecd5e252a01c1f71de4;10023715;G2;816-455-8733
dec702e41454bb206c02d215efdd03fc131a296ee3edc9d28082a97b7c8ec18b;10000000;G2;816-455-8733
88b3ec112d8c1689170fede0b0576f75e341d646e907859cd82413501093283c;10000496;G2;816-455-8733
5d0d779f42460c7da88e189da633a857222d10b27a9a3537659b3747eee0adc7;10002489;G2;816-455-8733
eed1d142914add2481f04f793fc85a5a5402203dc9c76a212a2b250b95352dea;10005006;G2;816-455-8733
61f2a888cc843e3bbfc29dc4e76b359d45c3bd7d10a1381bbcfbe73fa73a0625;10016784;G2;816-455-8733
fd54acfa1f181811870a9a7e646197211826df6b544eca6f015da88a1fe29335;10022423;G2;816-455-8733
aa2f317018d32f4f13037e311dc24d7a14ec3772d89f4d161bb3a502a5db0a1f;10026438;G1;816-455-8733
5c1b854db02d2a21472892ffb21738d0227d77f3f2abea5dbf5f5a59a6b19351;10000480;G2;816-455-8733
2892b373373382060fd57ddc7db0f535ff4f604d0f5d4b8ba4fcac5a9b546a57;10006805;G1;816-455-8733
30823803e49470b765bed122787023a188bfb661d61be662c6bcb2aaf8f79da1;10009662;G2;816-455-8733
0d4877f2d21c6220ea3e0694b1deed747e8745a94ebc0ef4dac3b3ed59a8828b;10021804;G2;816-455-8733
c81d5bffa37df5141505d0af0252fe3ae3e4c1465b0246de1a3340b18f1ab12d;10023221;G2;816-455-8733
73c616255a793b02a769bff7b8f14008f59906115e0b1dd3e7b38e6c05b65552;10025291;G2;816-455-8733
d1b3fec67ef770f5a7ffcf988c5a7cd377ecb5cdf2143ea0de4f6f286232b427;10027356;G2;816-455-8733
5ec4bb01d9883cbbd4dee33cfa5f3cf4113d6aa57e9187d03f4ce56d21df0b96;10016780;G1;816-455-8733
ff8fd3ca9bf79eec2483101e5cce906d9412e47955c4c04206aadef1f8124b77;10020909;G2;816-455-8733
86e51f5c936fd9d1141af33a13a3239cf151d39b0668d4103bd1c2c5ae07e05c;10027050;G2;816-455-8733
2866ff3a15f4b99ae0f6564e8105957afbc80f1358098fa8056d5db3ce17ae79;10005810;G1;816-455-8733
1666c80b2b01219d2fe96d41dafde91a07cb5286dee650246f9c399633bd9b3d;10018352;G3;816-455-8733
ef5e4677a431dd210fa7fff069615494b0933d1eff78372b8e24a4ca999a3aea;10020647;G2;816-455-8733
50d99b9c07495e1a43a63f22ac6c77eb8377215b531ef07dcfd4ede8146226bd;10019900;G2;816-455-8733
fb7b91ec942d70328c84668ff5d46ad88844cd307fa14859250250633846eeb2;10022755;G1;816-455-8733
cbcf99dddf1b7d825b02ce9c21761b30f0ab73baad60e3a7f4aef4d02f3b21ed;10002115;G1;816-455-8733
ed6e0d5a1b017a9ed727c771b998ee905882304349202745bde5879a5ba29780;10013574;G2;816-455-8733
d5bcbdd1ed67c2b417c916364a103188ea52580d3b79180e9413cbd1f99fdd20;10019880;G2;816-455-8733
fcde345f4181922d24a8d3683e82797dc0c806b33e10ad94d8408839b568c9ac;10010935;G2;816-455-8733
254fbe6671cf5a46a5aac2e5b591fef90008bf3597d98933e2817dbe907cb5f0;10021283;G2;816-455-8733
1ddbfde4b23f16197fda87aa06527ab515d0ce20feeb100ef25c386765738db9;10016045;G2;816-455-8733
65d5ba68f2f33b21c09bbb98b9a27644e7100169dcba1ec9d5d1d675c1070279;10017585;G2;816-455-8733
1e93d3397cd9ea1842439bd2677fc4ea627f3bd250beca5423a36a5c46fb5637;10023244;G2;816-455-8733
1f6acc338c67f370b2addcf6bf212581a692030d439227ac92760e3923ce3285;10025511;G2;816-455-8733
ec2e20a6629d5a342ecbf2ceef5356be4ffa80f06d8f7b90a4b1fffcf5c455b2;10003554;G1;816-455-8733
c1c1f1dc51a3d2944e912c4aec1651e8bc3489a5a6bca45f541c3575e1e0892f;10019897;G2;816-455-8733
e13cd600ba53703fa210a87ec65bfd94b2748f8c12e7c9d1d0da8236092b962c;10002140;G2;816-455-8733
9aad6376fd822911cab85b16a471b0d912684c3146abf9c563c4f6432e5564ab;10014802;G1;816-455-8733
85ada54c74dfd751b92eae47fa78c643f28106078c2559423bb609a1bbf538d2;10011732;G2;816-455-8733
eeeb5c3e0bfd4e1dbe07932b84fead92d763c07977879e0ffb7c4bd56b07248b;10014779;G2;816-455-8733
11d3c1fec7f778433bf263ec8bbf6b975af9be70b2f255744a37183a2f5305e5;10017314;G2;816-455-8733
14b196784e0d575526cf77ba9dd7b7118472ff0c7513f70364673607c32bea1e;10020864;G2;816-455-8733
648f47ae86f5fda60ce8e57a26594779f46ac88574c941c1bf8d07e23f4c0e9c;10024942;G2;816-455-8733
72e38b9f881b8d343593c592926fe77789524a507560b0dda995a5946fba7360;10025036;G2;816-455-8733
4f29be5b16062b02907e7f07b0ae6cb568791ff19e8f5c858ae16e621efe4bbc;10005376;G2;816-455-8733
86a4f79c659c79592280e9fced579cbdc52aa8ee9aa4618260695f1f8a5d321e;10011918;G2;816-455-8733
775d74ea20edc2c051244700e89f2bd59fd8574702a4255a909638f25935a278;10015956;G2;816-455-8733
54c63c48aa1888035a6f2d78cfeb41ff54a68babf6a8b3e066d20dd089d12356;10018628;G2;816-455-8733
38b0fb57320f2eb04316c7bc5709cb592081044e4ec69a66dbd3eadf4b98da2d;10025778;G2;816-455-8733
4c665d6bbf88193e90d3d85d763e25c667af1c0f80a13dad9a2454ddac16a5e5;10020982;G2;816-455-8733
d704a0253502ea3c48f1b675cdd0fc09155b5ccd16d2086335b732aca7ce4d8c;10023022;G3;816-455-8733
0fb49751b468df261dd01f685271e025f5141a9fc12e6e95e8c204116b1385b2;10010882;G2;816-455-8733
5955584e1ecb5de9ee2cd694e854f79943d4d0eafaea38a1e72bcbf14e373937;10015495;G2;816-455-8733
1739ab9b97ca62c3567f1a2c8f5b94a7b810a5c13f3dfa306765bbfcd5d97d38;10009657;G2;816-455-8733
884f3057691f88ed9e897413c711841877d3be7da7b13e60d9ddb5a389a6521c;10012927;G2;816-455-8733
8b87a65c950ad25cf993e9c43d09a037cfd2df8360ae547fe57b1441d74be612;10013137;G2;816-455-8733
d51a43c33ba1ba39cd443ec315bc40ad21297b1f23b80e1445a50aead3c833f2;10013397;G2;816-455-8733
0e61c39488175203455718ab4c1e9db8e84886f659b9a4ee3ce505dfd9677d9f;10016807;G2;816-455-8733
dbd2f0d03f4c5f2f595d43a00a9d20f37b13cad992ffd90042ebf1fd01ed17fd;10020931;G2;816-455-8733
d31a635fd0d47a788401e77424aae0aaba561add3badf0ec720c6fc8af2bce5b;10021996;G2;816-455-8733
fdcadf4edb302450103c83d1368796a262a1e6007521243e04206e377959fc60;10021184;G2;816-455-8733
7d275edc8370025406fa765c28d7002093aadae4aa431c6fdc5d5f914bb1a60e;10022166;G2;816-455-8733
2d49f074331f61e2ffb9d8355dfd9561dc7fe87e638cf6c13ea434a731b94bd7;10023495;G1;816-455-8733
ca2230d84ea4fbb54f6ba9f9f16620e9145309df268d5d5d60ce66dcf873ec96;10000471;G1;816-455-8733
026df2a65a86a8421eac63e99ea8cc068797ae85744da1b1233530eae48f5cc5;10002220;G3;816-455-8733
9ed809692018dea28de003ec1567c58ce8cfea64cfdf86ccf58aa4117a5c7c04;10004516;G1;816-455-8733
1e1236cc2e44ccdfb6fd0692a6b45445313825caa01ab6579f5744b569b39b02;10005099;G2;816-455-8733
de319f0c610ad08850b8c7efa5369a6a9ec5d895b15c783eb84bd76bf63aad2a;10021800;G2;816-455-8733
2630d63399327c72b435b10924b9782a0d14dbe318eabb745f6d40b1a694ee32;10025737;G2;816-455-8733
fe0d5b12ada919cf7f6f9f022aab8256ffb92101837e4d0c10a8fe03690d8eee;10000478;G2;816-455-8733
032571b332c55ef3e60e9b02e9c23d7f25aeb9918c3651d0c623aac1225c57d9;10000601;G2;816-455-8733
f7c33ceb2074570c726292317000f18971197489f420f312a8a5eeb56158b329;10010855;G2;816-455-8733
588b9c1289b7a69e32ec69d43afa6e5f72a1d34c6f31f8e0187f9cea7fb882c1;10012234;G2;816-455-8733
5c20e6abacc2cea9483b7195d31f5d98f47c2593eb2e7b7a447b30f8aa0c8a99;10016303;G2;816-455-8733
20ad95e3fffe1303535d1bde1043852b35c7b8c6ca8513f83ebe3221057b1c84;10025302;G2;816-455-8733
54c6b4fd2d724836a388729f8501adbad6a57b72df2155045cbf3bdf8a89112a;10025587;G2;816-455-8733
4bfdab809331ed1f4198884fa3e0bd8eac5277b47d49f9782e729023c48259f6;10019678;G2;816-455-8733
b7a5db5105c95a595f73501d3285458407473a2a45b6e20d4bb439366dca4965;10023471;G2;816-455-8733
4dc32d405f55d3d75d12a62d006c8c3f75d98d91ef3e63c05bcb6c39805bb9c0;10002117;G1;816-455-8733
e01142ce3e9a948f6e30eaa76cd23efeb114be1777c4bd132a4526e18fa4885e;10005620;G2;816-455-8733
dbcb969a56470c64c068c9f4cb1c91546dbb095bbfe300821ab1c3f32dc9dff1;10012514;G2;816-455-8733
3d123301ed610153a6bc1779a8679e40379faa6ad60c80e8aef8d6e8e78a6448;10004255;G1;816-455-8733
7ba7ca06488efdc8f71626e46ef69eb5efc73f7d5d26f0ecdc861cc67846fcb4;10020445;G2;816-455-8733
4d000016d2ad53ecd65aa5fa74e9a35f13c01e6f480b861542e1bbe8ba4b277f;10020868;G2;816-455-8733
97bdd4922b196374fa723d4f9445cc5a2411afa179c4c4840233566eade334df;10025298;G3;816-455-8733
757d32c2f28c0202fb91a53d926f02d49e9b376ce7d99de1da0d1a5b01802dc2;10000455;G2;816-455-8733
9eb9fbcef8463aafbfad2623973da795be598781d64a2b59231c6d3ad9ce0827;10013238;G2;816-455-8733
3371c5676acb6975767668e505fc1fb81e21a403264260f020d89636304dce7c;10015686;G2;816-455-8733
83d03892ebc39e61d912f4f5bc4d0090c6f69a78d96f9fa98fdfb33b2b92b8e0;10020515;G2;816-455-8733
5f4d019baee3abc988cd42f419a84af0519df732e669cbebf0915d5040ac1888;10025237;G3;816-455-8733
8e4223efef6a87108975c702a67a9b00db78145a104756e5dc94a118c8a714a9;10020393;G2;816-455-8733
a76f0acd05c11bd6384180c182bc79a083d284184597ba57bada6ca656467cea;10020446;G2;816-455-8733
7b3d79720e939b52cca7e8e05f89fffccd79676bbed80fb2b4c3807d53fc6f77;10011981;G2;816-455-8733
547e66a6374c9fef0afa97253bdafcec14450b390e1488f0ea49f41c595fd1af;10022678;G2;816-455-8733
d7f8b9ebd456cb8482341f13053e1a07d969771b01c97bcba45c2f853f0fd201;10024915;G1;816-455-8733
8c5b9c41cb6bcc18a3a86656c7ca025d176d680804d5183d3a89d28cb5926f5d;10015824;G2;816-455-8733
e542842371b4c59ed44f588a69a513cdbb7792dfba8c2ad879bdd93de2b2f560;10019502;G2;816-455-8733
57d6ebb85d544042b6308fb8a1048c5ed3b2a925e33d06248c47535fe9acee02;10020388;G2;816-455-8733
e0c66091cc3475f2811b7046743ac70081a4e494344358909f94e774d1f3cb48;10024260;G2;816-455-8733
df292f3b2518f7ce21cd635bee55c86f8780a998a6a7be33d0c9674d605613c4;10015325;G2;816-455-8733
8f7305896e1f8da4dd156ddc395f4864ed01e6e8e72092d6ce69c250fb93ed8f;10018950;G2;816-455-8733
683b1b8bfddce2e4cbe6c2cd6b4fe55523129e1c893f66e2b935e8037a710b05;10021911;G1;816-455-8733
988761e0264feaf9a3bcafa50851fe03b5d321c59973b7a2196f78549d0bdd13;10023235;G2;816-455-8733
973c7af81307ca4a4e99acd60caa253949f920204618901d16b99ab1dd0e4c22;10024524;G2;816-455-8733
44cb628443a41c54cc39a091a305c77fe8a755a1ada85cc16ba5fc0d1374c579;10025024;G2;816-455-8733
da8839c67062c5167b61e2e49059c71e96cce80302bbe558ee229f7316c21fea;10020184;G2;816-455-8733
ec11cfb12d6a032eeb364d053416884f766e389ad41385e53c286a44ac6dd935;10021350;G2;816-455-8733
479e58b9446ca629ab18a6d6b06b26f6cbf5cbd14cfb026c0364fec117b80d2d;10026536;G2;816-455-8733
001568419cdafaf0601e20a73d3654bf9e5acac8a4367f731927f69481079d22;10027119;G2;816-455-8733
a2c1f49bf6df6cbec3a5c58f8e8897e798bcb2712bc7f4b41553635d620b8e11;10027348;G2;816-455-8733
08d8894874b4e33dcb0eea733ef8b6be3f260b3820b1bbac8e3477cf2970b0c4;10002765;G2;816-455-8733
3e01746b17a31369e3b8a70cf1212b38af569fc9780a8d7578350ef8e737a933;10002969;G2;816-455-8733
d288c5ea5c5c2425aab83ad2c8f8a262e9570e2731e6f23b5dc30f5e1c3c2424;10021223;G2;816-455-8733
c4fdd100d8065f7c2c2dfa1bd6a2126d2549a853d46a7c150dda114821c862e1;10024034;G3;816-455-8733
02cc2f3019b477110e8d86c4d0772c81615477c633506eda22cbec4fd602982d;10016113;G2;816-455-8733
615a07f0fc963392b530790312bf8762e9c4021336af9f3e36ba0461a74a1286;10022746;G1;816-455-8733
7820b2367a6a08a5333da2ea5fc6262c85936c4d750ad2c294cd6ee04232305b;10025769;G2;816-455-8733
bb663431671618492d7481b4d73ab8ab1b0e5bacfdc41b10690c408b0424ffbb;10020171;G2;816-455-8733
daaf0de7b8fc061f136cb792139794deee7afcb52fa4556268df3d4862278652;10021239;G2;816-455-8733
1b7d10e2fa803b9d36252dbf6d769e1bfe955e86ef79d89047b0c01145367b51;10021673;G2;816-455-8733
d7cd047aa1443ad3958c29e66620e03687c4361a2a9b7841db39bce497caa92f;10027381;G2;816-455-8733
760e8f2851c0eb4024a6e609bfecb93b33c2d4f37f788094f8df5d5e0fea78c8;10000501;G3;816-455-8733
2b1c9decccff9416714db9585362a5d3372fafd50af226f7ac8f5528679c35bb;10007120;G2;816-455-8733
28c88bbcbe716648803a9f13dc1f416025f57d4fc1b8b635031f40676ebd0f94;10012226;G2;816-455-8733
9be1bf523d95a6abbb4fb4cd3f4f6e27298b7b042220e5bfdbefbe692a9d2a8f;10013871;G2;816-455-8733
a182d234adf1a7610a04303018f7b86f2d8750b0882529d644db4999640e1a00;10025239;G2;816-455-8733
b90ae068857639c59f797df6ef5a344b6c528b906648be3ca1a01a342df987ee;10025758;G2;816-455-8733
df9363f7b4abdfe2b5a7c52a4ce0ab57f691ebe4cab1fa6ce1d6ac4b270e732f;10026055;G2;816-455-8733
79597c670a427fcc3cf485e732bbc66acbfcd69ac0e9f259dc537c6101da4d7a;10012600;G2;816-455-8733
b200a7fb87a7f5aec2363762da5a1f6510990f3000c8c74d55f492b9046f40ed;10016334;G2;816-455-8733
e24b4c43874425ef40fdf8c407542ba97026a1f612f415408520957bb8345c1f;10021203;G2;816-455-8733
3a63fc54f223362ede3d93e8852a18122d844e77719d6c9a3223e0105bb76495;10024916;G2;816-455-8733
240589c317a045006f1efb900633dc657d8c9fa12fbf25c35c1d286288b16a66;10000474;G2;816-455-8733
ca07c8c6fd54e0bf83097eadde9eebeaf79c6b140a2e40a69d0d3d2d2d2b31ee;10002144;G3;816-455-8733
5bb84480d676fd41522d1a9fd607490f0f2675b0293b54d86d45ba319d0e5017;10014804;G2;816-455-8733
d096322b720adb8d91c3e3c8c5cef2c9d26482233523663705ffdf59e96cc7fa;10019879;G2;816-455-8733
5d1453169c63e918da936d77b35302257cb11a19df3ba9f7feaeb8d85b3aa977;10021145;G2;816-455-8733
0bb2dce70d5a47e6342bf97e63e07d4059bdb8355b2c15cdc1ef32188a9ea75c;10021575;G2;816-455-8733
db0c1ae42b881d4c56f029b4b770576ea35bab3a9fe0077ae377aaacb5b109f1;10012907;G2;816-455-8733
b7d5c78e4736f7dd5c85241c6e2f729fc6960637ba8f4526ad5aae8e0ade5a3c;10015253;G3;816-455-8733
86c59029db2de910b36b94c019994c7575c2d64b4dff126477c05626dd160168;10019514;G2;816-455-8733
851a85bd8ce3623c546831a173fa5cd93a4fb14d4f25fede200c60a491864733;10021331;G2;816-455-8733
762ab373b564fdf750a8510f101e97051e94f16f0d97a2c5178a7c825ec61b21;10021418;G2;816-455-8733
2a491327152261821005220d3e38a5819853e6fae8f6c6d2ea42795955318723;10024016;G1;816-455-8733
0ff2774482aab680fee1313e837c437c4b8c5a632490a99a1cdcdf98e821fd19;10014471;G3;816-455-8733
7244b74247e6d13141358563453c82ecb27e0001dd2a9d9bbebb734ad9d04a17;10020181;G1;816-455-8733
41d2f057195361522a1f13b8b93d68ed4fb25c19b12fd1a137341d671cd01071;10025284;G2;816-455-8733
132c2b7d5b481a6fce6cee4e728bbb67efb8a68fcb66b28b52574e48d5b6d8a2;10026023;G2;816-455-8733
73458567f9b56caa3ea7dfa771ef5ded538d0a828ecf538af6457f538b55b862;10000502;G1;816-455-8733
4325087700398ee26b7d84a44497e9547afd7c637fd1ac55875a250ec90d9057;10007866;G1;816-455-8733
9361dd8dc7218d109e3a669a11d971d5df87eb49892857aa1297968a417493a8;10009656;G2;816-455-8733
bf6c1696581b45c900b347a1bd193e609f12b300b273d853def78390d455506a;10010923;G1;816-455-8733
c275ec5011f80d28a0451271d095108eb2326337c299d03878138298fad88b72;10003720;G2;816-455-8733
70bb9dd8eb1d4d7bec128da9a358def483f2caae6f8602e6b8fb51574c4133c4;10007163;G1;816-455-8733
64c703f615604d9a1b9f898dbdab21e92b7460e51055427205af5a42336175a3;10007309;G1;816-455-8733
5848a06db358f9450d13082746947659eb43451af03c094d0aa7c664670b05ec;10010887;G3;816-455-8733
d843d7f19fd8b75c4722c22dbbe30be9320630901e11562818199ef16bc026e4;10024009;G2;816-455-8733
2e39f0efe3039a8b4d8a04e066756aaf3928dfccd5ba015591dda6c81546c92a;10025243;G2;816-455-8733
b44ee39a3926d3ab424de17147a7525ba6dea79acf984a3be0ab2bff595e3c40;10027082;G3;816-455-8733
21998e7b00db225f5bbc1ba7ea2dd221cdec49f2ce71171c0820849232f3a8c0;10016858;G2;816-455-8733
ae77a2dd857b367bac359ee9d8e79317209865b4ac008e8dc254c84a9487e6c0;10019400;G2;816-455-8733
7f86da6c6f6e581695c20f6c99c0ef35cddd5d43fff086829e507f1e3cbb0ac1;10021641;G2;816-455-8733
d605d8992334f483ea70bd4959b81f1d680ad90d0a4a2bb310880cfd597d7666;10021668;G2;816-455-8733
7d308a567f7c40b26c5b47ec7ab53e605441754bd2bc68cc26b5121713e4c17e;10025023;G3;816-455-8733
58f22994da75d6fb0916cf3b7280dd89373caeb9e8e9dd7a8de7bb142832156a;10027340;G2;816-455-8733
801af3742d590e07712f3bc78626995e9e784466a2dfafd741955d1c073f931c;10025814;G2;816-455-8733
db54c586123ff7ca4674b28ea5e11cd3729b2c580636e3353a375831aa44fc96;10013332;G2;816-455-8733
ba0d73ba8e72cc19064fed954bd6554424cc761210043bc04938f55eb6a0dfe0;10021158;G3;816-455-8733
f82692d94672e74023168f85f7b2eccd9c894b52e60373cfc93dbbe17cdf9405;10022431;G2;816-455-8733
35ab22e95138df24e2ffe4aad12ea3a8bb16e25a1b09e8ee0e192c1b99dd7ab6;10027583;G2;816-455-8733
14959600f789bade86332f824d68b435f35886f716fbd09ddb752a0e35157b88;10009631;G2;816-455-8733
11104b6281d7fd3c6a812bcc320882c9a32aa63489b9562bea83b2e784be0373;10011923;G2;816-455-8733
036e0446ef44b026262482f0af47fe343151aea0078710404bea98f6e5cff3a4;10009623;G2;816-455-8733
5e8c881c70bd1c269a957bfe43cdfa484cd7de623ba8c69c03b382a952a6e388;10013252;G2;816-455-8733
127a62a0fcdd2b6c33de72d9ce4b46198e86217b9ae2c4d99d6c853691b2ef70;10014264;G2;816-455-8733
522da213c3cab98090229150a418b0b2421a264cfb7e82b4329c02c9a0c80c27;10022978;G2;816-455-8733
f740827ba7ef4c5d7067e87432bb7ac02bb05cd6b49b5d8f092ddbd9e2bca984;10002746;G2;816-455-8733
470aba1c5bf13e8b4edfb6ea6b86847d301038986da2326306e354dd2f239fb7;10022730;G2;816-455-8733
93075beb9aabbc625fd3a4dbf147cb815cb7d0770fe8a03be396a961feeaf733;10026560;G2;816-455-8733
660cfcab71fd5d3b3105016d0d1ee8d26c0099f9029a3f901622b1e219770a8f;10010717;G2;816-455-8733
334edaa92d5bdad99a70a78d9c0d47830486b98a4e9d71fda814c63579038cde;10017054;G2;816-455-8733
c56a46a786845905a66a61ae5ce82bd951d73a84b4cc4d38ff618e53e2a9f2fd;10024930;G3;816-455-8733
c67dd031c2b75b13aceb25c6cd666001d2074c8cef13dd8ee957cabbe4c102a7;10011286;G2;816-455-8733
38de8dfe4feb85718222deddd6878f4c8b23898e99d71f1fdf2ea72f3f300c09;10022962;G1;816-455-8733
d5a7bea9e2640198548c5ee6211f193d634bf42faec3b8844db1ccc6d7865cdc;10023538;G2;816-455-8733
de57443d2c6354e14472e6649d5d0e42893c3573232fa9db6a0522b1c45db1b6;10026532;G2;816-455-8733
6c6d085965263e17dfc158dffb93a5e5b215fbd50f186322dd7a90e5e6f097b8;10009697;G2;816-455-8733
65a8237288aa1831e0a442f370c06991cee439e70ae209818d320eaefe7a4a1b;10025246;G3;816-455-8733
5f2bac900ae18450e3918398130e76ded86ea54d13a63efc4b5f49b735463087;10000458;G2;816-455-8733
f3a052b6c55f5ed74c3bc4eea5ce46aa8da863467cdd7dbc77da055a7dddd5b7;10002964;G3;816-455-8733
7eb0c5f33a7d516b26aa4240587bd54ca5fb80074fb19911117c261320708b20;10006983;G2;816-455-8733
b723092d29811028ae92e816df6a206410ef612dca36e736482d6ee7c608a8c5;10018957;G2;816-455-8733
996be80bea97764df7edf4ab8940efdfb31a27e8998c9b74aba5b7484120480d;10025086;G1;816-455-8733
2d54e3eb918ea4ded0200b43d5923fc01627a4af557a45234dba36a5a78ce2a6;10025285;G2;816-455-8733
35576117eedf5dad598cada0b094b28c1141f4176918a96ee94a83d6e7fec96a;10010897;G2;816-455-8733
256245585e92a51cda1367314506001baf7e4df9a2b70be1e59b693ef2a7b425;10012885;G2;816-455-8733
3cbd7464843c8cac1f21a3822ce0db935c42cdf188dfcb2fe05caf8330cc1bca;10010974;G2;816-455-8733
9b949bc4ec03587b8ab06ce8b5b0985e7440e0b40f522a5885abbb7057c7909b;10027053;G2;816-455-8733
1ed4cd407d00dad4a291368353fc69cb6d837139a8b14e30de3a55e781feef25;10007591;G1;816-455-8733
a22ff0183ec11c98330fc7e32913c7e04a8eadcbfb6cc22ba4840ccb7a492d0e;10025571;G2;816-455-8733
b2b1e72a293e9397091c654ec04ed2bc42c4348d2e87c6f516c89d44c8c12d93;10013039;G2;816-455-8733
373145d479cf4437f6f0567e12a2409b2ffd0eefe1c0a25893996b15742f5948;10017638;G2;816-455-8733
daad9edade608fe15ba20388874b30f81a3b5a25ce6900140d6bdf3564512880;10018129;G1;816-455-8733
fb85c647da29fcf7a2da1eb0d8170832b9f24e87e8f5c12122b98f13474db27f;10020266;G2;816-455-8733
57fd7d0e0dad8f09f95daebb79ef20b90e827c3b03f8c1f178b45ee848f50b47;10014059;G2;816-455-8733
72da1119ff5d6ea9746460ebcaeb1096b574a90074792661ee3279a208ab815c;10014739;G2;816-455-8733
6a2cc3c258f8cc236077f0331e6865729332147c2ab0f2cc1ee3435eb9a9e1c5;10009652;G3;816-455-8733
251894893b699c53f345486029df5fa61f53a43ac5d8c6a2089081e843bcda42;10023516;G2;816-455-8733
9a2b4dcdfa3561e1210df8e266a9b33c213d00e133f3271ee35f11c56c3da284;10008596;G2;816-455-8733
00aab2c34cfe8f608caffb3920b423ab73a988bf188507fd3b2e6fc04f10e8b2;10009642;G2;816-455-8733
d2bfd9770abefeeb91584ea86b2d2fd392959f4b329d0e004f7af4c4f8aee781;10011600;G2;816-455-8733
2f5e5a0837991562d216ea949e58f69e728ec1b91d040ea353101a32824beaaa;10019665;G2;816-455-8733
63bbd5f8832c2f095e863d05cced16773d1d692cacf5350eef5b7da38b44eb7e;10021415;G2;816-455-8733
4779aa5e03f45bf49e20b67981127187491ea9b3ad7f9b967bdfc229130724d1;10023023;G2;816-455-8733
d1cc161f7c86e25898cd609bdd288e643571cd7af23ab43492f08cf7c5e4e54d;10007577;G2;816-455-8733
298b59e3dae9b0e7340ee229104fd3437f6f1a49df30cfdd631e2339052cc7d0;10011089;G3;816-455-8733
c14a36840895356cef4eaac9e82f8339a2298932a0ced9e86ed0eb39de9eb61b;10014546;G2;816-455-8733
1278cbd9a91e62b577ed4a88c9b348b9c5cf916019f01af9566dc15a85025b87;10022750;G2;816-455-8733
e21c2bcd045c2528225c1626b242beb3bfef2b45623838f00a583267127db0f1;10025495;G2;816-455-8733
c439581208794ff2196b743cc7c37dee13179c621911671619a04f9213a90a04;10026581;G2;816-455-8733
876ef6782849678402ecf7addfe3ac36028e5dbc78bf3f4fa6f987f2cf237a60;10019105;G2;816-455-8733
df17a69b1680d427dee9728f2fee7ebb71f2d6131e7794c9e67fbc7f510b4b03;10020962;G2;816-455-8733
8a53da29e07a35610c632ec04c3f99919b547375ede590d40971690fcc0e3907;10021911;G2;816-455-8733
6907d1b2ca671d0c5c1fb76b8054c707b65ab83de0cc93331fcedcc8366cec0f;10025575;G3;816-455-8733
c1819bbf8485a696f89d13e48cdb1fdf8a8e1602c08235d0919ebc86a7ba7896;10009639;G1;816-455-8733
211ba3e681f5dd1151ddc66fdaee788e19e2e7fbea07d93517d635ae201658c5;10012305;G2;816-455-8733
da3120a5f77010f6e32501ad3966ee655d93fe19985603ac1ae8193e38cde1b2;10012328;G2;816-455-8733
69ccdbf6cc8f6eac78a4e340444e862dae54b1bc66f9b634d463b348bfb1ceee;10018885;G2;816-455-8733
cf5fb25b68ac0c5413250dca4a1a5a48d82e333865c4ece3ce450c78d1dd9bc9;10021736;G1;816-455-8733
a14dbc654d129b5e10cdf3778ad82f8271f1fd0234f1c45b1af51de11d571ca0;10022434;G2;816-455-8733
88046b7e30b4b1bbaa88750718d68ef14aecb65dbabe6e81b9340c74f4df0b2f;10012399;G2;816-455-8733
25e0ab9d505016d7a2292b7365a39dbe74af4b2c7f6851021bb9ca75fbfaa112;10014803;G2;816-455-8733
380757e79ecfb31016f386b4b7f8def98530245c3246534efe8c31bc622a3856;10020915;G2;816-455-8733
d2a193cc3fd19ec6cc051627abacc36b3ae8fb27ad1f22ef3179721714554a1a;10025264;G2;816-455-8733
c21277f2e3d3542a43a33254296335f4a9fa97f0477a11edec27224ca57ed771;10026365;G2;816-455-8733
8c18b8c7fd932b5da8983b7755840b0c8d0e001bb9c614f305cd04afd3ec52ec;10002501;G1;816-455-8733
fe2ee24c3f7cfe7dbb3d7d865174312cb9fd4d35ecb180753570d15d7faaf688;10004256;G2;816-455-8733
6e713fb9239dc9665274478e0601058adad8c427b73e37e7c15f1951726db25c;10011052;G2;816-455-8733
06d8277341679ee6f0bc547ce9964419c2864cafd298aa128f5f129e9a2b9cf5;10023510;G2;816-455-8733
080f63bc4f1ffec4d22bd14db6efba2fc2a2915202d88d95ae93b8df1cea63ef;10018665;G2;816-455-8733
66d203929f13c01bf518cf34ee7c8969bf453499aad2c949892aadbaed391539;10013376;G3;816-455-8733
ddf78b3f9f25248bc0c42a9aa6309c3236a579b8a966ad38fa4faa4b5c4a9af8;10015793;G2;816-455-8733
3486bce6aa3dfcd6b3a2d9a08be177f6db713d5c4fa2d29347df10eca97b0fca;10020663;G2;816-455-8733
fd840f69876e0418f3ce1198f96b96445939985944beeb9be0d376cc36e0fa85;10024940;G2;816-455-8733
7dc81cbe59f1f36dfbb71ab6872d62dbf7d971f642d4710d1e2af5b173f8ba91;10016564;G2;816-455-8733
e4d0fd696430a97d77f24f3d29b0083ae604ba74959e8ff676a9b23fc0921a7d;10022732;G2;816-455-8733
ea84ddebd5185d6779b0e72ecdb8ef0cf50f66a12c1b009234fc9563ea28d668;10024919;G1;816-455-8733
05c7670499fe12bc0328d5e708cc7b5d9476b3601185ae579e63edf6ff8d6c46;10002709;G2;816-455-8733
24d46f5913a915a3bdcf95658b4471a98d769502649b182e4e1aff94195f6ae6;10005919;G2;816-455-8733
7b69d72a6458996627528ae47545c056517c4eb96ac91932d7f3444132c586c0;10025040;G2;816-455-8733
2760fbcd7f5fae104d2566a07dbbf6012d1c20d24ca4e21adc5123b006ddcdfc;10007253;G2;816-455-8733
119980abbe901207d01df733247c3144232265f8bf2c7bc1cf74845b097b0cc0;10018146;G3;816-455-8733
4cebf4528c78810e9d1fe336e905eff3a19205a9e1be993e65760cf0d192f5d7;10024003;G2;816-455-8733
ea6ad0e244b2347148744fc68aa3be8e10e4a7ae1145a73240af340ba6f6e674;10025038;G2;816-455-8733
cbb8d1c97a06ed3ed68a052c89f8ac9a6f21d744355382c1a7ef68314b0dfae9;10016542;G2;816-455-8733
4f3ef18297894b4e736c8e9ce33d2b1f55d56ab57cdae7032ed7f86ff0c79a96;10020281;G1;816-455-8733
4004d49c2f522980978b2c9aa201141f24d53ff9d9441e50d72339879fce5903;10023759;G2;816-455-8733
d1b63e6b36335b0da4bc1abcada8a3579a5494dd181fbcc9ef3b64a7976989db;10000456;G3;816-455-8733
6367fffc1be074f8be0d9ff73ad27720a47c37768cf5e386ac913dc1bd63232a;10007121;G2;816-455-8733
54088cf9b82813eccea55314a0232a4f348f71bea0acd12b6567eef9c5dd950c;10021231;G2;816-455-8733
203b2e2834f609eafa341c4cf604a56793c5ab0661e0080d9c0a421a2a4f3f8a;10016548;G2;816-455-8733
ca260d4193c08c2eb87b9c5b3c8b7123cd00e58311c2121aee5ff5214709caea;10025049;G2;816-455-8733
71c1adccc2c2184b0c370ce62fb5a7ccf46da7ec7625860b3e9390aed4089c34;10025919;G2;816-455-8733
171d3cb52f698fe0d0611f132ecca3954962f4ec220ce56e2987e433a4d8e8b7;10026038;G1;816-455-8733
ce11022f9fa98e7d8dfb0b6149a6cb08c9cdddd305e56773f1804fbe91f537b2;10003687;G2;816-455-8733
618ab5c0f1524f8d6e0652d148f4f0cced339b6ee57ac504ba428ce4fc920688;10021677;G1;816-455-8733
2f94a2ba2ebdb08816dc476b66d10c3ca97cee53991a3e9cd8b2ff8ccae8fa82;10026606;G2;816-455-8733
d04face23032981753fc283a0b3495fa0c8d163f470c33dc12bf2dd9eaa943d6;10025558;G2;816-455-8733
4dc8c2343f1da26a585b833587567e49ddf1e5beb3c8df306568d5932ed5a197;10000475;G2;816-455-8733
301eb5866693da446bbce039ef9b14c8ac9648e992f7460887c574c86ecceba8;10023780;G1;816-455-8733
88562810bc26b2b396e8c48e4d376601cfcb57ab00ae28a2f46787b2fa499aff;10026868;G1;816-455-8733
79bad4b85bcfd99c4fa2c10ef4ddc1219d20fd18a45f52bf522823ca0bc2f08f;10010970;G2;816-455-8733
9016c4f44c2b430069a6db28a873d245352ea3fd392b0d5a565cf3681efbee24;10011499;G2;816-455-8733
492f243faecd352485a73d259db82f3c8cd8571488dbdec12ceb3cd940995125;10018518;G2;816-455-8733
1b80b35421744454b10401655c3bb070f5055cec69cb5b21d32a1f437cce8467;10025549;G2;816-455-8733
2e6dec0667885d1343136eacb5b5a9e7926ae04469b8a44de481694fbdda0490;10006916;G2;816-455-8733
af1db33d80bc79cba032308f3aeda2085c7c05b8b5dccff50f2fd4725ec6684f;10017036;G2;816-455-8733
f0b64f02650e6d3beeab4588b423a54b35ce3684a3981cc461698fbc811153e2;10017852;G1;816-455-8733
b8fb016f96eacbe4f134448038e4f165413a5ae5b8ffb870e9ce9d16bde58026;10023524;G2;816-455-8733
5c8449324da8d5b9c798d44d80ad554c73b61cdf590667cec88e56d6b8327bfe;10011734;G2;816-455-8733
5061b2fa0bae8de452b135c232d6895ce5b67f04bceac6812188ff6ce4bf8bbd;10024880;G3;816-455-8733
6a9929ad9ab97b890e95e5010d12b61141265761fa4dc8c1f309cd95013c842e;10011724;G3;816-455-8733
352814cdf0b54d0f908207d21150bfc5a02ddc3fa496e88cf12a6610549a9db2;10021494;G2;816-455-8733
0f07333e24c1788e898c9d62b0de16dffb6ad575be303311fa9141b999336d8d;10025771;G2;816-455-8733
bb718cfcccd33163c6a4d8ad9d29a38268212f05f27cc4173d42d39133b6cd77;10009654;G2;816-455-8733
5cbf2cebf86a9d06ab2ee13a599b062882bdc4e5fd75e6cf8ffee24b4b65066e;10010990;G2;816-455-8733
3da216995072571aab84177a3f0ec332b381e6ad3fe3ba894ad50b1ff7930299;10026294;G1;816-455-8733
f48588a74a0fdbe1a29b4554b0fe0dc615a8f42548aa77ac155204003be511d5;10024010;G2;816-455-8733
e98a5f26bbf7f6a477b641dc0be8a5450c414f0d933691fd629fbdbb49b3e5d1;10007536;G2;816-455-8733
4b9b170c0cf96e7946f3bd913758d46d005e4c000c53936ba1b4c4aeff1dc62d;10012851;G2;816-455-8733
6654452bf79d43e7125a60ed3b4abed27e5a91aa45c5f3b303b09f0ed59f22cb;10021139;G3;816-455-8733
2f2c9bd8397eaf56062dce161373e718d0c269d9b39a5e7aae774712257e348c;10021411;G2;816-455-8733
83cb95b30a5057ccefaa1a2fbfd44e61cd5ac758c832df64b3643b6f7509666e;10025269;G2;816-455-8733
65783c973ed74f014500e655fedeb7edfd6edc28f20ffe4e830a756c93741971;10007564;G2;816-455-8733
2f9b06b2cebc291a90c21c1a3cd529fb5483daf4851d08a3148403fffa025921;10010906;G2;816-455-8733
b22f2c2b45a9378edfe4caa0c6814a2b85c003dbe96061a71627464494e21a4e;10021986;G2;816-455-8733
5c36a4410165f1915c9169610cb13fa122cb2ed109ad6a9f78fca1042844c085;10008134;G2;816-455-8733
5124f64c622c3b52891a5e2bc8c09227ac862e66961b604104221b85ee8e028e;10010914;G2;816-455-8733
7a6bf9bcad8a8c984bd73d039bd0e422a021a88be6f4c13ae51e24f418a50abb;10011842;G2;816-455-8733
fab8791b01bc681eab48dc869e5720319a45e45dc2f6a6cb5905f9bb4a9a58b4;10001786;G2;816-455-8733
2344ec3158ed6e481ebf08ec8b795b45fcbf47d7515fa5da8ef939a4dcdbf372;10018580;G2;816-455-8733
8e7d978f0d0b6444fdf1b8436cf4ce4fb4431bf7a367b7c1af58a8bf371d20ac;10025062;G2;816-455-8733
91c39eb9503cdffd4f622e37426c898fcabf86c13f7f44475490163168c1419d;10025250;G2;816-455-8733
07221101c43bb015c9308d8c641e216922fccb83b7f0111e0a798b16a36fd9eb;10025305;G2;816-455-8733
29c51170904ed00ff5ed7b5556c76b2e850bdf52bab89c288c7e44b5420bc1cb;10018623;G2;816-455-8733
191333929b46c8dabd2db47de898753ed716c4ea319a77a50297b506ee3a057e;10025032;G1;816-455-8733
5d52b4da7f9573a7c4ff343b842743d7420158ccc34268dfe3c646bed117338b;10006917;G2;816-455-8733
efbef2f6dc2970ab11b34263c9823efd5285c8cd27d59ad2f6c9503a5e0d5b71;10012799;G1;816-455-8733
0bef930fb8e812e6188b5cf7966de90624bdcc2b7f5bd3fb41dde9870d79518f;10000462;G2;816-455-8733
eea5098190c9eed7416b1da5d47dd17b1e01c27523173112c6831335382184ff;10000488;G1;816-455-8733
73dc272be1742b253b700634796529eda4247478b2e8b8add828c87add694d45;10009672;G2;816-455-8733
bb0551de1ab57cecc3aebefa8ec1f7d67d904bb873bf8729c13f6a7bb0cfd150;10000499;G2;816-455-8733
70350bbfcea3a9f677ced67d848d935555cdf0710213d1a4b44a84edbc85e5cf;10002136;G1;816-455-8733
dbff33f3a54165b73fde585e8d16f958229ee1884748c014b06b52dd3188e748;10025037;G2;816-455-8733
0a234bc7b5a11ba9c16e63fe17ca1855f2db61d3b3d20b5bc477acbd2440b3f8;10003749;G1;816-455-8733
9c48e8a999f7a8f529e889df81f75dcad8bba8d274a194e5062f25f653f263c4;10008638;G2;816-455-8733
70772c2c17e6b04d29994a6546a50408bd7683c759f6904f8b1019eb814074a3;10020256;G2;816-455-8733
66be6d099b06ed074830d5f2ce3045f7132ad5a6022237b8051a64cb0801157a;10022249;G2;816-455-8733
67017f0fbd91603c6c362ef1da36c85b0b485e7e2e02817f1e8a2575abdb1396;10026299;G2;816-455-8733
d7795d59b06badc1773b719dd2492ba0da53cd0a5a24c4ef7f7f5df11d49da88;10011345;G2;816-455-8733
08b6d48e584aa96b1eea4531d73c623c9ec729d699e624cf4d79c29405776806;10025608;G3;816-455-8733
65d9d557d1212cfdc4f58fc64ab5e9c0c86005d71839c4570ea43f7002f36a8d;10005861;G1;816-455-8733
ba7fad699f4f098fb683baeaf12ed0cd7f9a9dc2c713a2c3bc5f67288649145e;10011093;G2;816-455-8733
a6acc6befd704249c8ee10d9dadb517ed9bcf42cd60220863a91361ce94006f2;10018363;G1;816-455-8733
bd577a26f3ccd6445e433ee75b0a4da0f6616db40ac5812896a76f29769b134c;10020449;G1;816-455-8733
1a59ff5cf63b1f42337bbf7bc5776fc6f12eda1e38c8f978b766c147d0dd4ddf;10023964;G3;816-455-8733
ed1b4f564ef19a8b4f939ac103eca9ce45476a6f0c8c43cf099bc304d5f79095;10011623;G2;816-455-8733
ecac108c66d32f1103db2b8c2828e65f4ba30bad32a6b3f1e8a32843622584a6;10017828;G2;816-455-8733
5a355cf7b1fff9091080ab1e27cc5f5313855e958c91aae996946a100544f900;10020448;G3;816-455-8733
2c5a29953faa8a12c28c81e0e2112187e79036e58be478ac6649fa07c05391c7;10025289;G2;816-455-8733
ca210fc5d88e8778d34ec50ffebf8ca8ff4eb0d5e4e0ab7712325d8362074cd9;10025304;G2;816-455-8733
5fb9d8440210be1f4719d927386460086e0d0ee2a0cdd3d1b7f99a23339907a4;10004207;G1;816-455-8733
9146a8b5dd7c0c0011707f0e31f74599d8254dc0e57571c9e65a516b86c865dd;10020306;G2;816-455-8733
0bc2528f5f7a18da5491b1569d68b27caf7103595033d8c0e9d57d6674c7a94b;10020907;G1;816-455-8733
29d33f46065e944a78be6797622c7c3b38ac929f9a4cdbe0c883b7110c327d80;10021204;G3;816-455-8733
65702100855af967779a697b43d567e3a0734bbee9c07bb23b73a1644c3c5c7d;10026009;G1;816-455-8733
aea2891600718d57c5028c8977cc1f6ed425ad997a57dd05d2fbbf3c7fd3b951;10026861;G2;816-455-8733
877783b87c5e40ecc6f41c6555f5ff2184d66c0221abbcfee70b0e940f7a6b9a;10002137;G2;816-455-8733
1354156bf79b5415ec3201bfaf6c0df98bb67f3e96d7c4737501c298e0f412a5;10004245;G2;816-455-8733
30299f79adc09494f74616125ccb7341007a229e033ce34916344633dcf127fb;10010912;G2;816-455-8733
51ab138e58c20df344fb3f20c5b81c511e53994fcfa1ca1b6e553985a62d00b0;10025052;G1;816-455-8733
02aae37cee0f3e5445b9533116075c250a6ac9bfb57c23f510c1df3b5c35cfa4;10007183;G2;816-455-8733
94b6f944ce7b3fa14ca1a3a0664b10728ac147af63361d769cf0d48f0f1f27b5;10025508;G3;816-455-8733
fe62f1341ae9164becea0b73fee4c1fe4826f2611f92c6fdac47b53f23848a6b;10000497;G1;816-455-8733
afe2f4d619285f23435efffd2e8b91568b9f0695a434fcec7776020ec26753bc;10002159;G1;816-455-8733
308a1b60b08988e9bbccd25c4e2199bcc50892760aae20512d8c57a929e7828e;10005688;G2;816-455-8733
a14da3880ce1fa871e519c8dfb33c0211ca0862d669eaac4fe762a32e2f82733;10012425;G2;816-455-8733
a3378d326c90b31dd93544744471671504f7652ca9d3f7fd4d000a379d4c53b9;10024704;G2;816-455-8733
4f82cc333a2386b737be5f3d07f6142af31a5a1688d1ee4f29e411026b1300c4;10025252;G2;816-455-8733
84fde6e6d5ff2a91eba90582f6dfa94cfc83221a76539ac85ddc867925e1eb11;10025287;G2;816-455-8733
345bef50f03bf724ec5b9544c7f657673b575d76cdd3d317332a85a32fe4a163;10020364;G2;816-455-8733
89a2926354abc30e8682bcd0625b840bbeaa93698d9f87447838eadbb61283f2;10024492;G2;816-455-8733
b1a6a70720d0c95b9ed349b20f06360a0fed0e1e647655a615d1b4343aa590a3;10025238;G2;816-455-8733
0312917f26d1a9e83f02f25512708b5327a83fcd14f26778369d143c9d5421b6;10011018;G2;816-455-8733
a3260d1eaf1c37e74c3a2660667ae138ba8d5dc7a7fa41fde3015d2d9354d443;10020080;G2;816-455-8733
ebacc15e5bdf40f339faf75491d9d9427506aa8483c4221080a7a6363827e22a;10025025;G2;816-455-8733
2e375c60dc76f0559721391739882bcfd6a36c189ab11fb3b1e97d7c6eb5ab02;10025791;G2;816-455-8733
05d65559d291210ea76dd8a4d59ef87abf2ea39b5dc06a34ae8056cde1e697af;10004302;G2;816-455-8733
c0db61bda988f2b7ea8644de377025aed4f89887c44d74ca73b4e44bc05f6b3a;10012792;G2;816-455-8733
47e9c39195c51e7e2cc88a4a5fe7a328daa7a69a3aa23faabb0602f481b99280;10014064;G2;816-455-8733
7ddbae50df8a444a3d13c189b485cea1535d93b3493bab8fd36ee222f2f3dff9;10025213;G2;816-455-8733
f96d52d169da39ad97330394590554cd1e7aa5b875b591e1372bcf91b7ceef8f;10001103;G2;816-455-8733
d883d53a2bb4d5c64e4f4bdc5883aafb165d109b08d23c8d415c3b4eb78bdfd3;10011398;G2;816-455-8733
92946d7b05d41e4c3124ebb06bafba904a62d91fd058e5a6908ad2af21a52cc6;10013467;G2;816-455-8733
e2ea5b6167ec81dbb9d1d264fe8cc92a5233f675d142f25ea64f7a01748ee9b6;10025051;G2;816-455-8733
65795ebe2dbd85be8f9d43b4510bf71f9f8e417cf76e0517a3e731c2d50f288f;10025248;G2;816-455-8733
505b6db919eb111cef6c6709c28fc299e71aefd75926b4a1373c186f94fc9716;10000457;G1;816-455-8733
4809c26a4a343c727d157c70ed8eb5181770bb9a2d2509de3f0e8ae76ce44dbf;10002128;G1;816-455-8733
9f0a0696fa7f5a6f7a5b1e032ca1668b95da24e43622f5e107ee60e921decf0b;10022183;G2;816-455-8733
f4d58445cc1f89f69b75b0fa69166aab5da8c430f6e7fb0b7252569ddac97f87;10002138;G2;816-455-8733
4799fcd77ea17f305b20b1c81389f760cbd70737a36d090883c4934540e83dca;10013899;G2;816-455-8733
cd3b892b17ce98652974523891d053653b6c8a2c49f7c4a572acaecdaee0a8c6;10025033;G2;816-455-8733
9a9046bd403ec6db94948c54ca901afd0c22831b7a94952b7433a326cf2a58db;10026081;G1;816-455-8733
5efcbe04d6f96e1f105567d9bd1662be041645766e1bfdc15424b49312c6dd43;10011997;G2;816-455-8733
1f338a9f073e2a8b8424cd5f398abf2e7a0dda8fd5f19419c745794225bca9a0;10013341;G2;816-455-8733
f1de75b76c5dbf57713323125a420bef48e708bad4e8ff7408bc5835bce45694;10013509;G2;816-455-8733
1842b4c6ffb3520be29785099b9db34527b224eaf889d84d90bab9850a809eb4;10018371;G1;816-455-8733
f45e57f4f38e0beca4ac25a0ae6ac840ca46d24187e4fd347a417f2b83793336;10020684;G2;816-455-8733
c525e45cfbfc3d5ffa8df92b72ce543f99421de918de0b272f510bb6f40c993f;10006037;G1;816-455-8733
384d4616244490fd26a7ebfa5ef054a087f685d80dd1788eb438566cbba20136;10007258;G2;816-455-8733
ed0afda79506715f0b6626c76e59f8d0e75b8771ffbeea71aa3a661b5b38701d;10019150;G2;816-455-8733
4fd401bb2a0aa7e7faeafaee5bde03999416e4694aeb60dcb335347154c9b5e8;10026078;G2;816-455-8733
3efdd1e2119d0fd28b657b77015c280b42e5ccb292b8dd46ceaaaf946ab62e2d;10006848;G2;816-455-8733
3eef98cb37ab9e022cba7a46d64fb7083f2d2f47a610499c4d5d1f21d3af69cd;10009676;G2;816-455-8733
f65fb9ce0ede0658bbadbf60c58cf2f703f652e1129ccb53e34151315995159e;10019942;G2;816-455-8733
485e7ee13baad96645dd7bef01a9fecfcde95a61072ab7397413bc145aabcba1;10021422;G2;816-455-8733
562f65c13849f02a8c68be23ff9453286af1738b41716cdb367672b634c39198;10022240;G3;816-455-8733
b44bc01f24ece40a34c1221b5574132878a90c3eb1c75dd6be8a02e452d41c78;10025560;G2;816-455-8733
7943bd5953210b0891c951cc0c6d0f7bfc151bebfb5714f59d68319558c4d8c8;10026006;G3;816-455-8733
5df99a22af849b3eb2c82af38e47e36506a1e8a8e4ed17f317d7ad1b7a428973;10002114;G2;816-455-8733
fbf2b3fcd32c186bf5bee75d0794b491ea49e2e0653c27dc89e4369be43ea832;10002526;G1;816-455-8733
6e6d6954bfb948d4934382b0a7d05e11e35e57ba251c4e492099b71ecccaf9a1;10003882;G2;816-455-8733
a1d57a6902d02bbc22393dc9c696ab7124606063a27d9947a8b9e38de0b72f74;10007448;G2;816-455-8733
c4346ace0ac8b0d9b59f7e011123c8664ae88683936f8b7f76b2da279ed2d90d;10009643;G2;816-455-8733
681c9db41f8db3e7ffe6d0dfa2cdbc5573b07094e73bcdf97acc00a35d1c342d;10014043;G1;816-455-8733
727cd90034f8c2b90e9cdc2051615959511dbeff23b772590e73b82fb35edafe;10007566;G2;816-455-8733
4374eb69223f8e7fe1e100373d082f71c100c181f5b8646e2be07aaea169267f;10023275;G2;816-455-8733
ab47ec035b70d77910800d06a1f5fdd0c7debd88fb87481bfe65760f180bd8ea;10007123;G2;816-455-8733
be48d0ace25acf96f52c4caf3885c8f262f3266287a45faad24137ec2d3c2ebe;10009606;G1;816-455-8733
7d54d1c1f55f6465a224759ec8a9d7f8f6b09f551dc77d61d62a73dcd00c1bd1;10023793;G2;816-455-8733
6d23d108ad85e542f433b906b285e0ef8cdd5e06e80a5cb7500977ed28f00652;10024248;G2;816-455-8733
ca72decfb30b388df3058df0b0fdfa87dee3bb50a0737a07af3c15db9127dd1f;10012157;G2;816-455-8733
c980b1e479786a3c1e347dca4944f69f33fabb0367a1c39d229ec36107588718;10017072;G2;816-455-8733
f517a17752e61989e736eb674caf158c28e950a64cdab411b0c634d4ada4b399;10021175;G2;816-455-8733
696d2c9c2cbee7e5648a7758b5f90cc8daa03b220704bd5a1c4dfece80a15ff7;10021962;G2;816-455-8733
6799389b151d0d1d0b37951a2eeba05d84bbb6e5045e64e7a9dec66c967d99f1;10019410;G3;816-455-8733
8e34bca7d8f6f12c8c4f73541630c007e637f62b2c0d37070651f6a21b071333;10001784;G2;816-455-8733
8b59a40a2266298f156ba75184a0a9c785e20f8a96e93941ddab64e2d349c11f;10007457;G3;816-455-8733
96f5d45c018902ece0764d51263e5d0e79674c4d6a7dab4ab3a18d6ef8f04fa7;10010884;G3;816-455-8733
8a460fb0a7a579791e4c136a9648fe86a38a4b9577d2667ae51d88735be0a7d8;10021179;G2;816-455-8733
58fbcf5ce8e3f71279dc91699b1db62b6751c18998f7ed9e61bd4d782d82b376;10012715;G2;816-455-8733
4a33eafbb4dc1e4eee4a68555ae51157cbb873979b2e6269b6de7c4c96d8454b;10016609;G3;816-455-8733
90d3f560c811ed4654877cc0ee8988ef74c6be309e484370400310022a325534;10019469;G2;816-455-8733
efa19292e8f8987e0132be91da8f4b6e4adbca46cd4a704454d481f5b40169a9;10020672;G1;816-455-8733
19dfa8349752a1cb233b74794bdab6046797a206fa8ee7e2c4914aef12d57a5a;10002142;G2;816-455-8733
50f02b223da7d63bae8199f4a7c59408880a0cfe205f5a7cffb0e7703a090ab4;10010886;G2;816-455-8733
bc29548fc22b1821c7f477859af193500fc15bd7c46ca0aa11800648b87d2238;10026521;G1;816-455-8733
bbc5de31bdc518451401a82faa36ea25685c08b357287768de8fbcace0aafede;10000461;G3;816-455-8733
ca70cf04ffac3fb5cc0a2b04b45b8d29a53910a0191524c777cdc6e25dd4495b;10021015;G2;816-455-8733
154f18564a3ca76be701cfd2a19d24f2280a9a05ace6bc8871249fad166ca1d7;10012128;G3;816-455-8733
8eb7b324179e76d0b66cba95392f56d0dd0f43671f948accea7c330805cde103;10013061;G3;816-455-8733
71df05b988f51d9f875b8ea83883d6b4e56bbdf78058cf16e4b1658c10bbe587;10007268;G2;816-455-8733
03c28d5637e91736bc3db6a6adebf66605394ba240976fa0e857b07c6abd8a21;10020247;G2;816-455-8733
6fa04a78f0e6a5fab64e6e9e7990a8e1e1439c9e11bcd5c2417a72c3841c73e1;10024477;G1;816-455-8733
639e1f1cf600bdd80b465208a6ebde385f720592b73d7a497961e75f5fb975d8;10011521;G2;816-455-8733
a20b7899747c364acb1fad8df6b9b729aa76bf42b7d1a146f54a2a1a1bde321c;10023757;G1;816-455-8733
88322bf92712995d95fbe90abdeab1c67d3843b82cfdcd92de1c561ffdf9c7cf;10011459;G2;816-455-8733
f080cebd9c6997cac0c0a55ae9cdaaf20cbb51bd9ced3939cc57d29e5230512d;10014238;G1;816-455-8733
1ed6bd789ce17a1636e98d66f1f8c219b8f82ac9e662ebd3370d10e77cfb21a0;10017307;G3;816-455-8733
3ee4498fbb36df17749bfc00424ca6703226a103f7a78083b6eaaa0a9bb37b4b;10024499;G2;816-455-8733
2668a14aa0476b761829f33df37d491e41d1645a9429c594370bcb677b759abf;10000481;G2;816-455-8733
61cd112b605a71590b23281c03d034ede7514a9891735ff2c4fb525694f8de8d;10008381;G2;816-455-8733
d69047ae820b588136558d0739f434399189853d9855a12ac893c1b77d96fc08;10010832;G2;816-455-8733
79daac87b2cb5094f9225a606a58cd9e06e858a9b31da3cb2d8e7ef45c1892de;10013670;G2;816-455-8733
75015eb35b87cf4789ec2f22ba8404e73eed09af7eecabf180a144959e6dbbf6;10019664;G2;816-455-8733
29658ca80f27b02bed3e9733174f203b59ba44ebf9eff0370ab7bdb28e443108;10022764;G2;816-455-8733
15b0b17645511e1b7e8979278c7248da42f6d61a748058ec47cfed32a4e0442c;10000473;G2;816-455-8733
8dd12ad066237041ccb8c12db5f87586986055930300ae577e316d309b995cb2;10004602;G2;816-455-8733
870f48af6ab28c4babf1f0e834cf93209d006dfbadb5903d965fd29035715381;10014495;G2;816-455-8733
31b7f3785c55b259b2cfffeb817b2de7904190a07644c667eebd3e62a6aefede;10021458;G2;816-455-8733
5ee5a30cba76fa77cea208350c3476f3c706f86faf52ae5191fd34360722dfd1;10022687;G3;816-455-8733
a504226a095acda5805b6189f2a28f6a777e408cb95f2f53766a2de74e503478;10024743;G2;816-455-8733
81027744f8b692cf03bc62ffdadaf87285562990981f2163ad10136e9de3e602;10026355;G2;816-455-8733
7102da4acb3b962296d0078c28323235f205a73b857957005127c9f137ab2b34;10010904;G2;816-455-8733
02e678175145d4b0a94e06f5e22d7777a1563cec3d3a5bcbf9a61272fa6b1f3b;10011821;G2;816-455-8733
374878c3ddd6959328a872b68588b1601f716382e8c9154e2dba1b6cdcff9e26;10024022;G2;816-455-8733
69725c9f39eee8b9b298db3383261a5efac173d31e1813e72b66ebb638f6acc9;10001263;G1;816-455-8733
d6e5b97f03e9a523bbed246d261a3b8f7a3ca319399f80c2a1e35b97da55934a;10002412;G1;816-455-8733
074189d51038f6d565827c603668398d56ae1b14ce6fa40b6babc0c859215654;10007122;G2;816-455-8733
684c091b82e8b44148b3806338795644b83a12da3e31107365e6ed6ff1cbc671;10015789;G1;816-455-8733
9458fa6cf6a9541c438ba1721914a442d370bdea1765d4311f1ad60a8060b99b;10018868;G1;816-455-8733
7fd41ec532f84fcd7a0e487fe3f324ca8ff869495e46f3a593ddca860575fd28;10025583;G2;816-455-8733
1a7e8f828b7c60be91e6fbe87d5989624fe19c3d06c796d42b8fc946835b46c2;10002520;G1;816-455-8733
21a09fa44c75c000f5a8fb2aac866fd0731cc57c6f3870cbb4eb06e5e9a120eb;10008593;G2;816-455-8733
f41b478d48e51bfdce5eb87213b0ee3cb550c17f9c6e403363459220c655a535;10015267;G1;816-455-8733
e6a081ad59df6bee99067e54730b94a63a54fde7b386bc808511a888ed59125e;10019194;G2;816-455-8733
81c6d734180c6414f60acff9852c371805b9f07355d3dc4f08aafd33a9c4dc49;10023447;G2;816-455-8733
6c1eb4d422de4b93dcc1acb17087e01e5da7f9858f1ea77bbaceb0b0e79fcc6c;10013472;G2;816-455-8733
fdb4de7ae0408cb58f2408f50993d8dcff16a06ad39e20c006f4e264fad896c7;10014540;G1;816-455-8733
5ca2aece6ccaffad0f58f52b24a37c3fb1b7e9a58a4043c14e7cc60641c15def;10019913;G3;816-455-8733
314861417d923e2da0e9c2715f8d59fc0545115274b7700e3cf760c752ff5640;10021222;G2;816-455-8733
2c7f9e5e79667518315032b0c031bca40d9af60a6ef40e61ff3f44ae430e314c;10021305;G2;816-455-8733
4362657202c7e6075763da36d42a238ec97a7e5c4199d8bb194d325a7d3b47f1;10015783;G2;816-455-8733
03c7207305dc1c7f1bf3a77ba141bc6eb2e11b9779bb7d2e7cb4d17ac5f43853;10020639;G2;816-455-8733
b4ff9de38bc6ea02de38e0a1d5277b872a2bc697869cf57aff27a2dea92a6831;10014810;G2;816-455-8733
792c7e582cc8ac5f111b47c74784a7cf39526d7e48172185f61239f36441039b;10021242;G3;816-455-8733
301cee6b21ec2dc3c306c9b27d0e650993128314758250311756757d9d42305c;10021300;G2;816-455-8733
06ab34cde9a5329d4719f74559ea2adbf1a42e8c2936f8d567547c73745a33b3;10001818;G2;816-455-8733
c7a67d3bfe8ab3d95ccfe97cb94c53bbdfd6359d007f5134e49bccc23c2564af;10009669;G2;816-455-8733
99934b851d25427e6db2786ad05239d51c5cfdb3453176f6f6ac1c387d31f7bc;10025021;G2;816-455-8733
15c0abcd67f4df8ba6dfd62860fb61c2236e995b51ce4374300df242515ed558;10025158;G1;816-455-8733
41f611d2edf6110d593cc4495f0affcbf1f946e68ea4a6978141102633c215f2;10002139;G2;816-455-8733
3a59545f4fe016c8929b8a31468d899767ec3947306c834a4778fbdf6217b014;10008602;G2;816-455-8733
79a7da97c35a8075406a187763e34bba16dbd2451a8955fee8500c007733310d;10019812;G2;816-455-8733
1a335cc26cc9c0c2716bde5e9645015b76eb7ed42e0deb0de1827cd633a098c5;10021160;G1;816-455-8733
8e98704c87ba84c0ede31d34d164f72292fef73de618ddccc1eff6f9caeeb6bc;10021977;G2;816-455-8733
7587597f65011028147812d81b842a52aa5d29e55dcd3b9f8484fa0688e7e3bf;10016047;G2;816-455-8733
d79f5bea16473f8e49decf09fb88626ebf1647fdc9d1f3d62cec1c4a01232daf;10019682;G2;816-455-8733
b03feb06f2c891a6c8fb6cf4d90f3927a1b68bf97bce448aecc8a3f2428192f4;10023513;G2;816-455-8733
3f4af0c625cf53b02ff6f4da6845c8d4ead2e8b3d7acb1f768e6403ce0c6b0aa;10016588;G2;816-455-8733
39b3a8b032ef45414f30bef5cc1cc5cdfb6cc413c12485113e98791c61efe7f5;10022470;G2;816-455-8733
f184b0aed93d9116bf91dc0fc4e0863b5cd8aeb129092afb6d0cfa1e7ce504db;10024255;G2;816-455-8733
c477bb6ce96a31bcaed14cfa9720837b69714bb5255ed8825a1f910bfc199f76;10025241;G1;816-455-8733
f09efaf9b088a53853fd60952f22e1885e26c4e28f73cb5e6e8a45d6f3509cd4;10009633;G2;816-455-8733
14a139088960c784185f804b25b7168a041e052f4489c0eab6da0d5253e0bdc8;10019617;G2;816-455-8733
48f599a169fdfcd398289101306165aa701e88072135d3dfb204bfc2e1fb5a00;10020390;G2;816-455-8733
25c2d3e7658b445d335697b8e52b3a09bba35f3ee6c34aa29036402145ba5100;10025022;G1;816-455-8733
f94a96c8ab94c2f68600d7f1c2f2b7fa35802fe89abb2541b4114090a45798db;10025300;G2;816-455-8733
1c41dd00d4fbfe00402579755a967790068711a7889b243c7460f23559a5996c;10020491;G1;816-455-8733
9acf76890cad0c379e52b9738d21cb51839e66b0987934af464295741cf1b35d;10024725;G2;816-455-8733
ab95b0c576df17658f825fbf884f42b698433ffe0786f388cf282406eb518374;10025063;G1;816-455-8733
56baf733a3a867139ffaaeb7325d73789dfb44e6a8a502a912c32e2b82745fcb;10002244;G2;816-455-8733
446c2b43c13888d37c94161dbe43402bf4a56656e7ae135185dc6220aa939f43;10005236;G2;816-455-8733
e4c0b316097792f3352e590aa27fdee04ad023e65de4ebd6f0ae64891122ff87;10009647;G2;816-455-8733
17ff0f241cb34f1aecfbbbf752835f9be9214c504e3ff241ed93e78027db63c9;10025247;G2;816-455-8733
72f797551db3e48ec46922ec5a82f3dfaf72d42c6c772d05325d862e19b0a534;10026268;G3;816-455-8733
ff7238355006232bd38847fabd4b2f721931e513ae7d6c48af1843a633f8236e;10002161;G2;816-455-8733
2729c96a1a18728f02f865b4b64c35fc2a4ec696234687ae00babfeed4a9d3d8;10013127;G3;816-455-8733
1f3ff715edcded90c6963bb18ec70ece484a7b4535e90f7b94817e832abf88bf;10023509;G2;816-455-8733
72d34e9a2d7f565f0c575be2ff421cf1c8e555a62bbf4d00b4ce68e2376aa4df;10026334;G2;816-455-8733
982ce5766ff4dadfe3784f17f0b482c1c4a4ea28e455617bf56e1f765dc36a4b;10019420;G1;816-455-8733
9fd08b36a309849cc493d70a63daaa669c3899f13b6bd38a22792dcff0e84ad9;10025061;G2;816-455-8733
b79217b26d5b60979a19d31cbe5b75e797f54d94586b1d4f62727cca55ed2949;10013188;G2;816-455-8733
da7b27364cea9c0a2b6164e1c2cf7d297ecb922f5b6084b94d64c1b4e3ad6152;10018867;G2;816-455-8733
051e1d8bfae4b341b3c75bd096cd40bf901c79bf2bdf964da0262e330a553d7d;10018877;G1;816-455-8733
691d072ae0f1d75ca2451513da06e1fc6aec2101a897151e63ae567d65c1c6c1;10020492;G2;816-455-8733
9721d1a5433edeeb55f4e4271e10b225c1b9fcb8d2dfe580c9c79f57f176aa06;10020662;G1;816-455-8733
1ada1afb78b98ee30d05d6b4280800252e20e52763dbb58b5dbe05b17fad22ec;10000460;G2;816-455-8733
73bb8e09baf15f962ad282414fe2aa454220c1773d0d4fd27bdab6aa36d00f2c;10017576;G2;816-455-8733
9cdd83e5c69e86671c92b4a753a3dd9d62522b240ca22e550a5989dc19885efd;10020193;G2;816-455-8733
9aef590cf184586acc125e780e67eebd01272769d781e25cddfc98dbd2858058;10021240;G2;816-455-8733
94518091d661437c060e49ab031af3771a775b361b32e1d2df8cce71a86e7844;10022252;G2;816-455-8733
1849420fe6c65417a53f478a54fb5e000cbcf385215048845482c97b8dd4efcc;10021111;G3;816-455-8733
e7452fdf55fa2ccb633c0b01a818fe33adaa24845f80f0b891d82f42894234fd;10025296;G2;816-455-8733
f26d37b3d97c54bfe371c4bc831580addd6f8c7895cff032f26f01ff7162d900;10013426;G2;816-455-8733
a8b74a6f34ae1db86da24baba58132b1db5312121634c7ec973ec763c4b81cff;10023785;G2;816-455-8733
c256fd4936e63f7ebc863e134aeba557e2d341a97261467938a26f4622a5d0fa;10013312;G2;816-455-8733
011969288cb49db9a49c2b85d406d2e29cf08bea63d270d8a1230a219841c6fe;10024262;G2;816-455-8733
c1270667c65d69321d41e096d3b45d687257445c1f2519d5a059758f62504188;10006836;G1;816-455-8733
6e9ec9c641aa6919314150d4d9811b9af0504217524e78589cf4a411ce5ccce5;10010865;G2;816-455-8733
1cca5fdef421d6b68be70b9629de8521e505b71d37c66c7a8a98f47b026cb0eb;10025515;G2;816-455-8733
dffe6536636c21f56670836f60fb45cf2737d5ac19326ab5a386dc3b147f2faa;10009885;G3;816-455-8733
7a064b03c62cca5ea65aa12882cfc3ce5c48f0bedaf27e4e81b358d0331b579f;10015275;G2;816-455-8733
1764133c2ef52b5dcb638861261f4e45155c123e26b37b5ce2d391857b065ee1;10021412;G2;816-455-8733
8f92ea45721847e028167cf18abe4f9eb0638af2033a282cd72c9268b3c8e166;10024550;G2;816-455-8733
eabd5de2f4e46be8ba725353c19ed65bcb3faf871662192b19f8a04dd543e635;10002149;G2;816-455-8733
270429dd07e778d4c7e50651c23807467ce2a840c85265d5083f3d7046b76479;10010969;G2;816-455-8733
a4ac60eb10f3d0d3a925a54805e6288bde3788b3bafe68e6fe8123a752ea54d4;10021802;G1;816-455-8733
adb6015d6222bef235511320e3c8751445899f4161f3448a079d81c5c42be406;10026336;G2;816-455-8733
5de19b03b6abd047c7da5f8de6a6d578a4fa7a5b82dc62dff48e3fab2499a22a;10013052;G2;816-455-8733
88fc279debe77e80c1137dd2613b28e19624884dfc0a112f4ddda18a8404ae33;10025034;G2;816-455-8733
03e3b58214649bcd75c564b749575e97c9ed5bfb8c2bc4f24168773a1ca2ff91;10009653;G3;816-455-8733
b28e261988975a0ff71f4608a83533609e42317ab7b95d74f0d49f7cc440e5b2;10013232;G2;816-455-8733
6b6ad6d051715f0a0c8dad0a791e4a100d2eb2a6fe18138713866edd0d69782a;10021185;G2;816-455-8733
7b503badffafa12a635beb05239b285fb49c9ff478b54b46aef895d613365dd3;10021286;G2;816-455-8733
81c70d35858f60acc283f16ea0761e2228a05758c0c43b4cbdf359382bdf71f1;10023212;G2;816-455-8733
a857ecc475b256aaf8ec34720051621e02becb39e35f3a4897b627d3ce331cf4;10025249;G2;816-455-8733
030a37ffa4dcaf25a2131acd8e19e50ca335c8a86f62dde7136c1ad3568c1882;10002154;G3;816-455-8733
2e7de398a648eb1cbbbd3b7b3d33a9b443d6de7cef6389698055c92b99904dcb;10003857;G2;816-455-8733
af2197e15cf9688479a57d8ab98d42759cacbecd1a1059562dd9c2ba9034f69f;10010698;G2;816-455-8733
0a61edbab2879ab7dec6d5ee4a4cd4cfa888fadf5c0ae6f669c3accd0df574d8;10013765;G2;816-455-8733
41199972f68abcea9d2bde630c261f8055c7e63e1f9d83e7d6c47771a0ad1b4f;10020227;G2;816-455-8733
4c05149f5f7a872413dfce572344eee76927541d1c5fcae775e18745c5015cdf;10023703;G1;816-455-8733
97efed0650293df81601cc95a8de0e4040490d99b468565e3f0053e440d88a39;10025288;G1;816-455-8733
ce979e3867716c1679e27dd877b86b2094cfbf0ecfd6cb1aea6e6acb7cc429aa;10025353;G2;816-455-8733
8e2a0348e00fa9d25fa49a53318e8443758058f84a1ea130dfddb4ab643e56d9;10025878;G1;816-455-8733
34a4cd67a027001bdd4083c69fa976c5ca8ddb3fd3fd61bf0d0341c55cd393d5;10009645;G2;816-455-8733
f6af997d677ef1473f72471cbf628aa339762aa3b3d830524f0cd4ced0a485ab;10013080;G2;816-455-8733
c00941732f88adeddb2850e2c2e0f457078db88fac09f53df8f476baff59c33f;10009679;G2;816-455-8733
38a4ce1aacb375d6725625953f59660bdd0b85083af42cad642ae3e57fb84579;10012422;G2;816-455-8733
3d0cde89a7551921a6a5eeec134439c383b1feba4a7701ef97ac0144f249e6fc;10012761;G1;816-455-8733
62bb15f81883d4a4386b5650fe80a758b2fca54c0157f0c9bc1445bbf280a02f;10025039;G2;816-455-8733
51469a69ee9ee6d295f3bf3d39ecd620ac1d074941ee4b278c5e8e5a96fb49e3;10006846;G2;816-455-8733
158c4e53757d626e25bef8919269031d7ff99cd8eca9537ce033c0f1227f2944;10013572;G2;816-455-8733
25aacaecffa07fd8ca83c40e32d39f1aa9dc3d43b93500e23e467ecdd72de050;10021107;G2;816-455-8733
a1dc1f083d792e25866351fd754e77413e95d8ac4602ecadc652da6e181cd2c3;10025552;G2;816-455-8733
032464215e68b95fa5ec4c27ca904f77c2462c72223b4ee220d6a8cc0b3ba11e;10027575;G2;816-455-8733
5c29509803d7371cfb93e1cf9dd7cfa30c3add9fa9d6b33f65700ad1d217fb7e;10020413;G2;816-455-8733
3e15c4db01e5fe60809e73da99af0f66fb36a62e194eebbd35e24ffb7746074a;10024246;G2;816-455-8733
3b9138fc956155bcaf54fce335211f85ede1fd06939241388491879a96c1e896;10005922;G2;816-455-8733
95c8e5db415103540d112db37ed9c04d268cf9f2e9c7cfe7971bf58a83935d11;10010881;G2;816-455-8733
797330f28971916f0097b0c58e388c758af53684b774889962dd743962c1b1f7;10014533;G2;816-455-8733
2201d8e1d6cee14ae5ee6efff2a086eb3695c333519c1393ca9a6fc54a24ae28;10015886;G2;816-455-8733
d486f27764e68054afd8dc91adbe052cda875202c11a196e6dcace304751f574;10017553;G2;816-455-8733
7a2392e60fe51480be0de96d9a834f8d8c1cef6cdac32cfafe0a81d4737134af;10021794;G2;816-455-8733
bc2b3a34d7713733c48f8ece86c81b56c73af105253b7db0977845a5e7bb4273;10007134;G2;816-455-8733
93f89709d697d4f6c7a5d13ef156ff63cfa424d68e83af91480c59049f27a406;10011979;G1;816-455-8733
a95755114e57825a4e267b5dd3396df42df502e17f0829cdd75d28094db55903;10019909;G2;816-455-8733
ff8f99ebd85394616ee558cfa3e947d30e630c2822b951f87290d31c0e65a4dc;10025267;G3;816-455-8733
